Matricule;Reference dossier
LHD6252392;137654
WHR19295;139484
70167PHH0BRK8;139595
75287180114C8;139595
SMZ01263;139775
XTW09488;3015189
XTV15408;3045826
XTV15401;3045826
XMH11224;257025142
WSH21126;257025648
WSH21226;257026013
W2N8624445;257026063
W2N8623986;257026065
WHR01066;257027176
WNN99600;257027176
LYK22560;1008476/2
QLC09804;1008486/2
LT73Z00042;152-002065
Z933B1CD50002T;152-002066
LYE22068;152-002383
Z92BB1CDA0000Z;152-002831
NZU56829;152-003223
701645HH04K13;200055FF0
W2N6Y02042;200130FH0
7526499441714;200258FE0
QTT11225;200264FG0
FQY39632;200288FG0
SWC01767;200297Fh0
SWC01755;200297Fh0
WKL02707;200297Fh0
SMF02685;200297Fh0
WHR01773;200297Fh0
WHR10681;200297Fh0
UMX01681;200297Fh0
WKL02683;200297Fh0
SMF03363;200297Fh0
SMF03360;200297Fh0
MXDA167145;200297Fh0
MXDA180255;200297Fh0
MXDA180327;200297Fh0
MXDA180332;200297Fh0
MXDA180337;200297Fh0
MXDA180338;200297Fh0
MXDA180339;200297Fh0
MXDA180340;200297Fh0
MXDA180341;200297Fh0
MXDA180342;200297Fh0
MXDA180343;200297Fh0
MXDA180344;200297Fh0
MXDA180346;200297Fh0
MXDA180347;200297Fh0
MXDA180348;200297Fh0
MXDA180349;200297Fh0
MXDA180350;200297Fh0
MXDA180351;200297Fh0
MXDA180352;200297Fh0
MXDA180353;200297Fh0
MXDA180354;200297Fh0
MXDA180374;200297Fh0
MXDA180375;200297Fh0
MXDA180376;200297Fh0
MXDA180377;200297Fh0
MXDA180378;200297Fh0
MXDA180379;200297Fh0
MXDA180380;200297Fh0
MXDA180381;200297Fh0
MXDA180382;200297Fh0
MXDA180383;200297Fh0
MXDA180384;200297Fh0
MXDA180385;200297Fh0
MXDA180386;200297Fh0
MXDA180387;200297Fh0
MXDA180389;200297Fh0
MXDA180391;200297Fh0
MXDA180390;200297Fh0
NGCA002422;200297Fh0
NGCA002626;200297Fh0
NGCA002634;200297Fh0
LHD3800457;200364FE0
QTT10033;200375FG0
NMY13548;200411FF0
QXM06798;200411FF0
QXM06622;200411FF0
QXM06731;200411FF0
QXM06727;200411FF0
W2W6802706;200524FI0
JWF77420;200566FF0
QTT10462;200642FG0
QHU02247;200655FI0
UMY06317;200655FI0
GW451392;200655FI0
GW450521;200655FI0
GW451393;200655FI0
GW451400;200655FI0
WSH22353;200655FI0
UMX07858;200655FI0
UMX07853;200655FI0
UMX07857;200655FI0
XMD02176;200655FI0
XMH10955;200655FI0
PGA03579;200703FD0
PGA03607;200703FD0
PGA03605;200703FD0
NZJ04315;200703FD0
JWF08633;200703FD0
PGA02734;200703FD0
PGA03599;200703FD0
JWF37740;200801FE0
LCA5X18090;200863FG0
XMH11246;200892FI0
EZU14476;201050FE0
LYK18827;201053FE0
JWF77423;201127FF0
RMF00804;201533FG0
RMF00811;201533FG0
GW453245;201550FI0
XMD01989;201566FI0
JWF49026;201853FE0
HRY02223;202066FH0
SMF02992;202066FH0
WHR12695;202066FH0
QHU02206;202111FE0
W2W6X06876;202469FH0
JPA15914;202478FF0
QTS12028;202525FG0
QTS12031;202525FG0
WGR14058;202525FG0
QTS12025;202525FG0
LHD5434084;202532FG0
WGR21843;202585FG0
JWF37767;202757FE0
W2S7726708;202843FI0
V937Y13590;203065FI0
LYK18697;203132FG0
W2N6Z02803;203140FH0
W316Z01080;203140FH0
LBH7105385;203140FH0
V937104897;203140FH0
LCA5X18024;203175FG0
WHR15815;203216FH0
QLC35165;203216FH0
WHL07891;203216FH0
WSH02538;203216FH0
QLC35170;203216FH0
MXDA180309;203216FH0
WSH05319;203216FH0
WSH22482;203317FI0
7527319462MK5;203339FE0
GQP30088;203340FE0
LYK54723;203452FF0
QTT13582;203506FG0
LHD4717754;203660FF0
WGR17814;203716FG0
LHD3Y02514;203751FE0
79G5Y2X;204029FE0
7528632010K2W;204051FH0
NZU09036;204305FD0
7527319462N46;204363FE0
QTT28322;204510FH0
1505V107-L6BXPHZWPW;204624FE0
W2W6904053;204632FH0
V937307387;204632FH0
W2S6700645;204637FH0
V937307388;204637FH0
VCG7110143;204711Fh0
QNW09076;204721FF0
75274394669TM;204755FF0
WHL07930;204827FH0
LHD3Y02469;204862FE0
DCF25964;204901FD0
LHD4717602;204920FF0
LYK19172;204928FE0
LHD4717122;205116FF0
GNM58955;205119FF0
LYK03923;205164FD0
LHD5434144;205298FG0
GNM64734;205325FG0
W2W6Y07013;205489FH0
CFNCD01;205501FG0
RJ6A310A63349;205501FG0
7527469463F1B;205512FE0
LYE20809;205525FE0
LYE57804;205532Ff0
QLC24849;205566FG0
WGR25114;205574FG0
JWF43978;205575FE0
JMN39678;205579FG0
LHD3Y03133;205583FE0
LHD3Y02528;205583FE0
W2W6X06831;205583FH0
LHD3Y03125;205672FE0
FQY39618;205808FG0
DGJ13039;205808FG0
LHD4717125;205839FF0
LHD4716964;206025Ff0
QTT00623;206114FG0
5062019400YN6;206233FD0
WSH21123;206280Fi0
NGRA016695;206280FI0
NGRA016713;206280Fi0
GEJ01334;206285Fg0
TNG01311;206326FD0
DJR02045;206326FD0
NMY10135;206413FE0
LHD5434138;206415FG0
79G2GNX;206419FD0
WGR15411;206424FG0
QXL08180;206424FG0
QXL08185;206424FG0
JWF37766;206462FE0
WSJ00809;206481FH0
RZR04463;206496FG0
QTS11212;206563FG0
LYE23297;206607FE0
W2N6Y01979;206671FH0
HRY02217;206682FH0
JWF83588;206826Ff0
701645HH04VLH;206875FF0
WSH22427;207022FI0
WGR14098;207078FG0
WGR08434;207078FG0
NZU34467;207136FE0
NZU34470;207136FE0
JPA08715;207136FE0
7526499441YVF;207146FE0
LYE20910;207147FE0
1961V675-0002;207207FD0
W2N6700295;207262FH0
GNY01181;207301FE0
LYK18878;207322FE0
DFK01931;207324FE0
LYK18901;207326FE0
GNM65076;207394FG0
EZU15789;207401FG0
JPA06407;207408FH0
WHR10564;207420FH0
QTS29676;207420FH0
LHD3Y02454;207455FE0
JMN25581;207515FF0
7527439466B1G;207528FG0
LCAG119310;207565FG0
QNW03500;207578FF0
GEJ01323;207601FE0
WGR15919;207617FG0
L462A-XL0-G042-5XWW-3P;207860FF0
NSVTPI-ASGMJN-RWETKT-LPWHLM;207860FF0
YLSC012371;207860FF0
YLSC012377;207860FF0
WSJ01371;207868FH0
SMQ01614;207965FH0
UMY01483;207965FH0
WSH06204;207965FH0
WKB03371;207965FH0
50637090107XW;207965FH0
L462A-XL0-9QX2-EY8A-F1;207965FH0
L462A-XL0-G634-CMHE-DW;207965FH0
AB-1XQY-NCKB-WE53;207965FH0
AB-2IQ8-R9E3-UMZ4;207965FH0
AB-MA4Z-LW1S-TI7C;207965FH0
AB-MGLI-1P74-UXAB;207965FH0
AB-Q3DA-TBJI-6V75;207965FH0
W2W6Y07083;208164FH0
W2W6Y06977;208170FH0
JPA07647;208173FH0
9437DMB;208202FD0
JWF77398;208358FF0
GNM51249;208376FF0
LYE21967;208384FE0
JWF06246;208389FH0
JWF72366;208486FF0
XTW01101;208490FI0
XMH11110;208505FI0
XVC05774;208505FI0
XTW09490;208505FI0
XME05637;208505FI0
XTW09309;208505FI0
7528626010CLT;208545FH0
WSJ19968;208568FI0
LHD4717697;208590FF0
LHD4717802;208590FF0
LHD4717797;208590FF0
L8B5104670;208590FF0
L7L5109608;208590FF0
L7L4Z09247;208590FF0
LCA5110244;208590FF0
V1N5158983;208590FF0
V1N5158985;208590FF0
QXM06294;208607FF0
75260794425N5;208607FG0
LYK59312;208611FF0
QNW13417;208690FF0
QNU09008;208699FG0
79G3DLG;208741FD0
LHD6252332;208828FG0
70165PHH06XC2;208839FG0
MMS02599;208942FD0
70166PHH0B54R;208998FH0
70166PHH0B54K;209005FH0
70166PHH0B558;209009FH0
WSJ02667;209022Fh0
NUZ2300832;209138FH0
LHD5433969;209269FG0
FQY40253;209345FG0
FAK08152;209465FF0
W2W6X06674;209583Fh0
BACH7068;209602FG0
LYK18695;209685FE0
W2W7828036;209689FI0
WSJ15877;209695FI0
WSH17459;209700FI0
WSH19760;209702FI0
V7C6704729;209703FI0
W2W7114261;209709FI0
JWF37770;209751FE0
QNW03513;209761FF0
FQY39607;209779FG0
QTT15465;209779FG0
LYK22157;209815FF0
QHU02380;209819FE0
WGR15413;210049FG0
LHD4717674;210051FF0
GNM64322;210136FG0
JWF38900;210192FI0
V6E6103980;210470FG0
JWF37843;210542FE0
701645HH04VL8;210570FF0
QTT12063;210733FG0
LYK22563;210839FF0
LYK04857;210867FD0
LYK05601;210872FD0
GNM76125;210988FF0
JWF77438;211072FF0
LHD5434095;211162FG0
BAAC3927;211250FI0
K7104744;211250FI0
W2N6Y02144;211258FH0
L8B4302086;211361FF0
WSJ19967;211398FI0
LCA6119080;211443FG0
75272894658W3;211522FF0
W2W7622483;211693FI0
WSH19704;211726FI0
WSH19699;211731FI0
WSH17427;211738FI0
XMH07376;211747FI0
XMH07544;211747FI0
CN77SGY0GV;211747FI0
WSJ17050;211752FI0
WSH22211;211761FI0
WSJ19981;211766FI0
QNW04793;211776FF0
LYK59504;211868FF0
XMH10737;211984Fi0
7528632010K39;212161FH0
W2W6600557;212217FH0
LYK18804;212227FE0
JWF13771;212433FD0
JWF75467;212563FF0
HRY10158;212567FH0
VDH6Z05719;212567FH0
CNF00897;212664FE0
JWF14289;212693FH0
LYK18687;212808FE0
JWF49082;212942FF0
70165PHH06XBY;212980FG0
70166PHH0B55G;213025FH0
V7C8215242;213049FI0
V7C8215240;213049FI0
QTF13058;213118FH0
LYK03928;213148FD0
JWF77405;213149FF0
JWF71088;213149FF0
JWF71155;213149FF0
LYK22565;213149FF0
NMY10785;213159FE0
FQY39637;213175FG0
LHD5434110;213175FG0
GNY10625;213186FFE0
LHD4717716;213219FF0
L7L3Z01254;213333FE0
LYE54314;213343Ff0
UMB00623;213444FF0
UMB00592;213444FF0
00017CLOIR14;213444FF0
UMB00589;213453FF0
UMB00597;213453FF0
00007CLOIR14;213453FF0
00015CLOIR14;213453FF0
00016CLOIR14;213453FF0
QLC10819;213455FF0
QLC13705;213460FF0
75260794425PM;213539FG0
LYK59940;213591FF0
LYK59494;213591FF0
JWF71107;213591FF0
LYK21513;213591FF0
LYK18864;213591FF0
LYK60788;213591FF0
LHD4717715;213600FF0
QNW27264;213745FG0
QTT12279;213755FG0
HRX02265;213760Fh0
LYK53192;213830FF0
WSJ03730;213922FH0
JMN30414;213978FF0
JMN30416;213978FF0
JMN30415;213978FF0
JMN30514;213978FF0
JMN30511;213978FF0
JMN30508;213978FF0
LHD3Y02463;214033FE0
JWF37758;214041FE0
QZK2X24766;214041FE0
LHD6252325;214154FG0
FQY40232;214171FG0
NUZ2X06639;214183FD0
LHD3Y02456;214199FI0
LHD3Y02461;214362FE0
L873Z09239;214371FE0
QNV04399;214437FG0
JWF49033;214441FE0
JMN39100;214446FG0
FT450576;214459FG0
LHD3Y02480;214493FE0
LHD3Y02453;214493FE0
LYE23379;214513FE0
LHD3800437;214517FE0
NGRA015972;214528FI0
NGRA015960;214528FI0
NGRA015792;214528FI0
NGRA015965;214528FI0
7528632010K11;214655FH0
QTS30264;214675Fh0
JWF71095;214724FF0
LHD4717678;214733FF0
L8F5Z16742;214795FG0
LHD5740612;214795FG0
LHD5740561;214795FG0
L8K5Z14231;214795FG0
LHD5434040;214795FG0
LHD5434133;214795FG0
LHD5433774;214795FG0
LHD5740607;214795FG0
LHD5740580;214795FG0
LHD5434044;214795FG0
LHD5740583;214795FG0
L8B5Y07680;214795FG0
L8F5Z16535;214797FG0
L8F5Z16764;214797FG0
L8F5Z16782;214798FG0
L8F5Z16532;214798FG0
JWF37811;214883FE0
QXM04279;214924FI0
QLC25131;214924FI0
7528626010CLK;214924FI0
AACA9161;214992FD0
WTG18561;215015FI0
WTG18555;215015FI0
NGRA025214;215015FI0
NGRA025383;215015FI0
LHD4819333;215016FF0
GPV59819;215113FF0
UMB00639;215113FF0
CZC4423ZKN;215113FF0
701545HH0M2FW;215113FF0
00001-CSULT01;215113FF0
L874X25341;215160FF0
L874Y25486;215160FF0
701545LM0NRWH;215160FF0
JWF84003;215245FF0
QTS29454;215325FH0
FAK00849;215386FE0
LYK18896;215451FE0
DBN05854;215457FF0
WHR20586;215486FH0
NMY01597;215557FH0
W2E7102009;215598FH0
W2E6X00961;215598FH0
W2E7102057;215598FH0
VE17207594;215598FH0
LYE23121;215609FE0
MWY08207;215650FF0
MWY04368;215650FF0
MWY04369;215650FF0
MWY04299;215650FF0
WSH02948;215677FH0
WSH02951;215677FH0
QLC35273;215677FH0
QLC35169;215677FH0
MXDA176193;215677FH0
JWF37856;215760FE0
LHD5434090;215762FG0
W2W7622771;215810FI0
BABH1396;215837FF0
JWF71104;215852Ff0
QLC30503;215869FH0
LYE60351;215951FF0
752702946762T;215951FF0
LCA5110157;215961FF0
QTS29455;215998FH0
TJW31013;216003FE0
JWF07699;216047Fh0
GNM16013;216266FE0
7527289465814;216270FG0
WSJ09113;216275FH0
WSJ15887;216276FH0
LYE06865;216498FG0
75260794425P4;216498FG0
LHD5229800;216513FF0
WHR10582;216524FH0
JPA09056;216673FE0
JWF46460;216673FE0
LYB04784;216673FE0
NMY10794;216673FE0
NMY10805;216673FE0
NMY10793;216673FE0
756215947585R;216720FG0
GPV50227;216810FG0
UMB02562;216964FG0
70155PHH10VRT;216964FG0
QTT12873;216995FG0
LYK03870;217146FD0
ETF00862;217156FH0
UMX07855;217193FI0
W2W7622783;217296FI0
79G6BW0;217373FE0
QTT13071;217391FG0
JWF22874;217421FD0
LYK18795;217455FE0
70166PHH0B4TF;217568Fh0
JWF72330;217785FI0
L8K5Z14460;217827FG0
701645HH04VM6;218129FF0
FAK12966;218178FG0
L8F6117235;218235FG0
WHR15719;218266FH0
701645HH04VMT;218327FF0
701645HH04VM3;218327FF0
701645HH04W56;218327FF0
701645HH04VM5;218327FF0
QLC35209;218456FI0
QLC45114;218456FI0
JWF49042;218524FE0
FT450566;218666FG0
JWF06079;218766FG0
WSG01291;218776FH0
752706946BZPC;218793FG0
45145PHH2PH6L;218793FG0
TJW09313;218828FE0
L509A-X00-CG95-9N76-TU;218887Fh0
L509A-X00-QMM7-0F1X-UH;218887Fh0
L509A-X00-W2G8-HKB0-V4;218887Fh0
JMN39739;218901FG0
QNW13233;218937FF0
LYK18711;218971FE0
MKRA817370;218971FE0
MKRA817368;218971FE0
QTT14132;219038FG0
LYK22549;219041FE0
FUA93188;219041FE0
FT421063;219041FE0
WSH22235;219292FI0
W2N6Z04046;219336FH0
LYK60851;219448FF0
LYK60712;219448FF0
MMKA003429;219448FF0
QXM06558;219448FF0
701645HH04VKK;219448FF0
LYK22170;219448FF0
701656HH05XX0;219448FF0
EZU12688;219466FG0
WKB02247;219491Fh0
JWF87706;219600FF0
JWF11171;219731FH0
LHD3Y02464;219777FE0
DJR01730;219846FE0
SMF00779;219883FG0
SMF00593;219883FG0
WGR17812;219883FG0
LYE54310;219931FF0
QXM12302;220122FG0
LYK03044;220166FG0
QTS08105;220166FG0
W2N6Z02728;220282FH0
GV417116;220282FH0
GV417119;220282FH0
GV417122;220282FH0
GV417128;220282FH0
GV417133;220282FH0
GV417712;220282FH0
GV417713;220282FH0
LHD5740582;220476FG0
LHD5129501;220478FG0
GPV64329;220534FC0
79545GH;220534FC0
JWF38908;220546FE0
QHU03071;220546FE0
QHU03072;220546FE0
MXDA010212;220546FE0
QHU02687;220546FE0
MXDA020530;220546FE0
MXDA020532;220546FE0
QXM01195;220546FE0
QHU02626;220546FE0
MXDA020528;220546FE0
MXDA020524;220546FE0
QHU02774;220546FE0
W2W7622343;220720FI0
LHD6252020;220774FG0
W2E6800373;220828Fsh0
W2E6800385;220828Fsh0
VA47X00468;220899FI0
GNY52273;220954FF0
GNY12227;220954FF0
FAK03263;220954FF0
LYK21461;220963FE0
QTS25717;221005FH0
WJD11622;221118FI0
701645HH04VK9;221142FG0
NND3205376;221159FD0
NND3205332;221159FD0
NND3205375;221159FD0
L875230146;221253FF0
WKL04132;221308FH0
7527029463W5T;221495FE0
W357101977;221510Fh0
W357101974;221510Fh0
WHR18271;221527Fh0
WHL08834;221656FH0
SMF03379;221656FH0
701656HH05XRR;221738FF0
701645HH04VKN;221794FF0
NMY10187;221831FE0
LYK18708;221831FE0
BAFK3655;221883FH0
W2W7827764;221895FI0
LWE02916;221906FE0
VM47113364;221908FH0
JPA09917;221936FE0
W2N6700274;222013FH0
L462A-XL0-W960-4ZNH-AJ;222061FE0
WNERWP-FSEHZD-ARNRRA-QPUCBC;222061FE0
JWF04540;222069FH0
XMH10731;222117FI0
GW409524;222294FF0
LYK24051;222374FE0
LYK18710;222381FE0
LWE02314;222410FE0
BABH1369;222432FF0
DRQ16449;222435FF0
DRQ05953;222435FF0
NMY13778;222441FF0
QNW13272;222442FF0
QNW11718;222442FF0
EZU11426;222533FG0
75260994425VV;222579FG0
WHR18202;222618Fh0
LHD4717743;222671FF0
N2E2905693;222875FD0
QZK3828061;222896FE0
LYE23217;222911FE0
QLC05364;222911FE0
LYE23370;222911FE0
V7C6704364;222946FH0
V7C6704356;222946FH0
GNY01795;222968FF0
DRK09169;222968FF0
7526389442MY5;223069FG0
LYE61429;223118FF0
LHD5129510;223158FF0
JWF72401;223364FF0
W2N6Z04386;223371FH0
CCODE01;223371FH0
C-HMLL6J;223371FH0
C-HMLL6J-1;223371FH0
C-HMLL6J-2;223371FH0
2FL02142;223438FI0
GG415280;223764FH0
WHR19718;223764FH0
WHR19939;223764FH0
WHR19745;223764FH0
WHR19772;223764FH0
WHR20518;223764FH0
WHR20584;223764FH0
WHR20585;223764FH0
WHR20134;223764FH0
WHR20517;223764FH0
WHR21540;223764FH0
WGR17926;223767FG0
UMB00878;223773FF0
UKP01087;223822FG0
GNM78087;223839FE0
LHD3800161;223885FE0
GNY12501;223935FF0
CZT00977;223951FC0
JWF18743;223972FD0
MWT05502;223972FD0
JWF20466;223978FD0
JWF20826;223978FD0
LHD4208929;224046FE0
L7L4302005;224046FE0
QTT20079;224075FG0
JWF48865;224117FE0
JWF49083;224165FE0
LYE06718;224283FG0
WGR23497;224395FG0
WGR23317;224395FG0
WGR20897;224401FG0
W2W7114488;224456FH0
LHD6252402;224480FG0
LYK54722;224505FF0
W2N6Z04391;224629FH0
W2N6Z04161;224629FH0
JWF88210;224723FF0
LYK22553;224742FE0
LYK18688;224768FE0
DJQ00630;224779FC0
FW438815;224917FF0
LYK60765;224948FF0
JPA09490;224991FE0
LYB09765;224993FE0
JMC04646;225299FH0
LHD3Y02525;225325FE0
LHD3Y02651;225326FE0
HRX00587;225380FH0
GPV59885;225388FF0
BACH4992;225488FG0
RNV40012;225657FG0
BACH5387;225657FG0
QTS08145;225696FG0
70167PHH0DKB9;225767FI0
40637D6604TPK;225767FI0
JWF49537;225954FE0
LYK18699;225956FE0
LCA5110159;225977FF0
WHR18123;226015FH0
GQP30081;226057FE0
JMN19420;226057FE0
JWF89413;226117FF0
JMN00824;226200FD0
L875230228;226235FF0
W2W7114510;226251FH0
FT468855;226251FH0
FT468844;226251FH0
FT468835;226251FH0
XXF00527;226367FI0
JMN17968;226370FE0
LYK18700;226370FE0
W2S7727197;226429FI0
V937Z13868;226429FI0
QLC44258;226432FI0
LHD5229790;226653FF0
JMC03781;226682FH0
W2S6700609;226724FH0
0940-1408-08;226732FG0
0939-1408-08;226732FG0
1794-1343-08;226732FG0
0941-1408-08;226732FG0
JWF48856;226737FE0
LYB10874;226737FE0
LYB10564;226737FE0
LYB10544;226737FE0
QFP04365;226737FE0
QFP04354;226737FE0
MKRA804951;226737FE0
MKRA804924;226737FE0
MKRA810917;226737FE0
MKRA806894;226737FE0
MKRA804919;226737FE0
MKRA804956;226737FE0
MKRA804922;226737FE0
LHD5129558;226863Ff0
WHR25041;226885FH0
RME17803;226908Fh0
W2N6Z04071;226922FH0
JWF87682;226924FF0
L834600320;226929Fe0
QXM03550;226929Fe0
UMX03514;227175FH0
UMX03543;227175FH0
UMX03492;227175FH0
WHL14253;227175FH0
WHL14323;227175FH0
UMX03537;227175FH0
SMQ01881;227175FH0
WHL14327;227175FH0
UMY02667;227175FH0
WHL12121;227175FH0
WHL12123;227175FH0
UMY03756;227175FH0
SMF03983;227175FH0
WHL11414;227175FH0
SWC02037;227175FH0
UMY02613;227175FH0
UMY02614;227175FH0
WHL10677;227175FH0
WSH10972;227175FH0
WSH12003;227175FH0
WSH11389;227175FH0
LYE22343;227180FE0
QXM01430;227180FE0
QXP06622;227180FE0
QXP06620;227180FE0
WSG12002;227223FI0
JWF71158;227230FF0
LYK22557;227257FE0
LHD5129692;227344FF0
LYE23514;227355FE0
WSJ03804;227444FH0
701645HH04VN3;227446FF0
GNM54365;227449FE0
LHD5128458;227534FF0
L7Q5306661;227534FF0
LYK62317;227549FF0
701643HH02V3R;227595FF0
70167PHH0DK96;227627FI0
JMN27103;227714FF0
JWF54186;227752FE0
701543LMOBLGF;227752FE0
RJ6A060A29E55;227866F0F
KQ694909F1310;227866FF0
FK694909F23C2;227866FF0
RJ6A040A27888;227866FF0
GPV50662;227938FE0
JMN11861;227977FI0
2FN00928;227977FI0
EAH00691;228144FE0
V7C6704354;228243FH0
MXDA002006;228412FD0
MXDA002009;228412FD0
MXDA002010;228412FD0
QXM01078;228535FE0
NMY10173;228535FE0
LYE22534;228535FE0
L462A-XL0-KC62-MUEE-YY;228535FE0
L462A-XL0-KC62-MUEE-YY-1-;228535FE0
L462A-XL0-KC62-MUEE-YY-2-;228535FE0
LYK60009;228607FF0
LYK60004;228607FF0
RME01640;228607FF0
LYK04594;228980FD0
NUZ2804013;229010FD0
QNU05166;229071FF0
LYK22559;229079FE0
GNM53345;229080FE0
JWF49547;229188FE0
V1N4218907;229190FE0
V1N4218908;229190FE0
V1N4218912;229190FE0
V1N4218916;229190FE0
V1N4218904;229190FE0
V1N4218911;229190FE0
V1N4218919;229190FE0
1LW44108209;229190FE0
GNM51165;229308FE0
N2Q1700885;229316FE0
WKL09827;229319FH0
QTS02346;229342FF0
W2W7114480;229363FH0
GNY01204;229432FE0
GNY01206;229432FE0
DFK28829;229436FF0
JWF72362;229444FF0
JWF89329;229456FF0
JMC03780;229462FH0
JMC03805;229462FH0
LHD4819563;229639FF0
QNW30177;229746FG0
2FL02679;229856FI0
JPA00561;229860FD0
L874X23090;229884FF0
HRW00914;229905FE0
V7F7306845;229989FH0
WSJ19993;229996FI0
BAHS00596;229996FI0
LYE09347;230064FD0
L8F4606312;230088FF0
V937206260;230183FH0
WSJ06554;230226FH0
JMC03807;230227FH0
LCA4302926;230275FE0
JMN28694;230334FF0
JMC01160;230359FH0
NZJ14541;230359FH0
WSG12135;230363FI0
JPA16651;230417FF0
N2K2302843;230509FE0
701643HH02V2N;230509FE0
AAGR0989;230595FD0
LHD3Y02501;230631FE0
W2N6Z04028;230654FH0
W2S6Y06249;230661FH0
W2W7113574;230662FH0
LTN00537;230679Fh0
QLC17879;230704FF0
LHD5129555;230760FF0
LYE61917;230840FF0
WSH04007;230861FH0
LYE08698;230865FD0
7528626010CML;231016FH0
WHN04453;231084FH0
L509A-X00-A9D8-5DPA-D5;231084FH0
GPV50615;231086FE0
701643HH02V2L;231142FE0
PGA87234;231236FD0
PGA87382;231236FD0
PGA87361;231236FD0
LHD4209174;231304FE0
LHD4209003;231304FE0
JMN28701;231361FF0
JMN27156;231361FF0
JMN28699;231361FF0
QLC15792;231361FF0
DCF78995;231363FE0
NMR11220;231383FF0
JPA16211;231383FF0
B01B42ED-1;231383FF0
L462A-XL0-45P6-EY96-9K;231383FF0
GX419350;231383FF0
GX419352;231383FF0
GX419333;231383FF0
GX419348;231383FF0
GX420041;231383FF0
HD400028;231383FF0
HD400102;231383FF0
HD400249;231383FF0
HD401373;231383FF0
HD401216;231383FF0
YLSC202552;231383FF0
QFP12423;231409FF0
LHD5434101;231539Fh0
LYK24104;231617FE0
LYE08460;231673FD0
JWF48828;231695FE0
LHD5129427;231801FF0
BABH1387;231801FF0
LHD3Y02507;231932FE0
DHM12873;231943FG0
MXDA164202;232079FG0
JPA10346;232101FE0
JMN19944;232104FE0
WKB02320;232145FH0
WHN05274;232145FH0
WSH06806;232145FH0
HRY09150;232280FD0
FQY31309;232287FE0
LYK24127;232337FE0
LHD4209015;232376FE0
WHN04098;232506FH0
JWF90647;232545FF0
NMY14371;232617FF0
JWF95944;232617FF0
JWF90638;232618FF0
JWF90636;232709FF0
7528626010CM2;232813Fh0
JWF93211;232898FF0
NUZ3109743;232907FD0
QTT01350;232907FF0
JWF23130;233087FG0
701656HH05TKY;233176FF0
701656HH05XXH;233176FF0
701656HH05TFG;233176FF0
701656HH05X63;233176FF0
701656HH05PPG;233176FF0
701656HH05XX6;233176FF0
701656HH05X4L;233176FF0
701656HH05X4B;233176FF0
LYE62041;233183FF0
LHD3Y02515;233224FE0
LHD3800168;233336FE0
WSG05388;233511FH0
W2W6Y06931;233511FH0
WSH22289;233590FI0
ETF00889;233701FE0
WHR25915;233891Fh0
QLC38559;233891Fh0
SMF03949;233891Fh0
SMF03895;233891Fh0
L462A-XL0-JY28-4TU9-RM;233891Fh0
L462A-XL0-MHR6-0Y2C-75;233891Fh0
WHR26588;233891Fh0
UNT00682;233891Fh0
QJK1Z50137;233988FC0
QJK1741369;233988FC0
QJK1Z50133;233988FC0
QXL05034;233999FF0
75274394669VY;234018FF0
LHD4Z26034;234085FF0
V1N4216364;234130FE0
LWS4102393;234130FE0
UML00896;234203FG0
W2S6700569;234279FH0
W2W7827707;234291FI0
WGR22434;234410FG0
QLC27585;234410FG0
LHD5129378;234415FF0
LHD5229810;234418FF0
LYK60787;234485FF0
EZU14008;234623FF0
EZU11125;234623FF0
JMC21610;234761FG0
JWF77441;234767FF0
WGR21744;234876FG0
LHD3Y02547;235104FE0
LHD3Y02452;235113FE0
LYK19298;235243FH0
74636C6602L1T;235243FH0
QTF10374;235298Fg0
WGR17144;235310FH0
QHU02640;235347FE0
GNY01207;235417FE0
KQ695009F3FF0;235439FF0
LYK59918;235490FF0
FAK22980;235621FE0
LHD6151057;235623FG0
JMC21117;235695FG0
BAAT4792;235702FH0
W2N6Z03852;235762FH0
W2N6Z03359;235762FH0
W2N6Z04129;235762FH0
V937306740;235762FH0
JWF49644;235869FE0
L8B4502468;235896FE0
QXL01069;236159FE0
AALW7957;236161FE0
JPA01209;236177FE0
GNY51326;236364Fg0
JPA10349;236444FE0
QTS11263;236493FG0
W2S6Y07010;236531FH0
DBN26445;236774FF0
GEJ01031;236774FF0
NUZ3109926;236833FD0
WGR22844;236938FG0
QXL08690;236938FG0
QLC27112;236938FG0
SMF01258;236950FG0
QTS20742;236950FG0
LYE21767;236962FE0
701643HH02V7B;236978FE0
NMY03605;236995Fh0
LYE22544;237015FE0
NWX3402958;237118FE0
DCF58142;237118FE0
N442Y05698;237118FE0 Â 
QTT01729;237122FF0
QTT01378;237124FF0
LHD5129736;237150FF0
JWF72391;237175FF0
JMC21684;237218Fg0
W2W7114257;237230Fh0
XMH11105;237257FI0
XMH11121;237257FI0
RJ6A060A29A40;237356FF0
W2N6Z04382;237361FH0
VNN7403173;237361FH0
W357402957;237361FH0
V937307256;237361FH0
V937407469;237361FH0
NMY11430;237379FE0
GNM81617;237391FH0
GNM55054;237391FH0
EDZ00552;237553FE0
KWT02632;237556FE0
L874X23020;237574FF0
TJW36713;237576FE0
WSH02797;237619FH0
QLC35214;237619FH0
WSH02539;237619FH0
QLC35215;237619FH0
QLC35275;237619FH0
WSH06052;237619FH0
LYK22210;237804FF0
JWF72781;237809FF0
LYE53418;237827FE0
LYE23228;237828FE0
LCA5110242;237977FF0
752875101216H;237997FI0
JWF48838;238116FE0
SMQ00657;238118FG0
W2W6X06797;238211FH0
QTT17391;238218FG0
L7L4502884;238254FE0
QLC17432;238268FF0
QKP00709;238288FF0
LYK18704;238344FE0
RNV41368;238415FG0
QTS02152;238432FF0
L7Q5306625;238437FF0
L8F5Z16697;238459FG0
7528632010K0M;238526FH0
LYK22164;238674FE0
7527029463VXD;238674FE0
7527029463VXN;238674FE0
LHD5433975;238696FF0
GQP30062;238996FE0
LHD4209107;239016FE0
GPV52744;239030FE0
75260794419F6;239065FE0
LHD5129423;239117FF0
QTT19699;239130FG0
LHD5740600;239182FG0
JWF23818;239278FD0
PGA83218;239278FD0
QTS02570;239382FF0
LHD4208909;239393FE0
LHD5740566;239411FG0
JMN30132;239434FF0
QXK03233;239434FF0
QXM08352;239434FF0
QFP13111;239434FF0
QFP13470;239434FF0
QFP13464;239434FF0
QXM06493;239434FF0
WHR20516;239942FH0
L8F4405467;239967FE0
L8F4405520;239967Fe0
L8F4405501;239967Fe0
L8F4405508;239967Fe0
L8F4405649;239967Fe0
L834400237;239967FE0
L834300208;239967FE0
L8F4405663;239967Fe0
LWK4300391;239967FE0
L8F4405491;239967FE0
L8F4405499;239967FE0
LWK4300383;239967FE0
LWK4200351;239967FE0
LWK4300401;239967FE0
L8F4404898;239967FE0
L8F4404912;239967FE0
L8F4405475;239967FE0
L8F4405466;239967FE0
L8F4405708;239967FE0
LWK4300402;239967FE0
L8F4405742;239967Fe0
L8F4405478;239967FE0
LWK4300389;239967FE0
L8F4405413;239967FE0
L8F4405515;239967Fe0
L834300199;239967Fe0
JWF72385;239999FF0
QXM01419;240008FE0
JWF49090;240058FE0
LYE51689;240231FE0
LYK22143;240231FE0
GNM50658;240299FD0
WSG12226;240433FI0
UMY06320;240433FI0
UMY06357;240433FI0
WSH22208;240433FI0
XME05640;240433FI0
WSG12115;240433FI0
KQ6A0309FA1A7;240446FF0
RJ6A150A39490;240446FF0
QTT17227;240485FG0
BACH6313;240485FG0
LCA5X16827;240772FG0
DBN22240;240776FF0
DHM10272;240934FG0
WSJ05725;240937FH0
JWF48862;240951FE0
JWF71162;240993FF0
75287130111ZR;241044Fh0
W2W6X06918;241184FH0
W2S7726640;241189FI0
RZR07936;241262FG0
LYK60840;241293FF0
MXE03207;241297FE0
701645HH04VKH;241300FF0
LHD4208672;241382FE0
JWF21210;241384FD0
701530LM01NNH;241384FD0
QTS20078;241404FG0
LHD5129498;241917FF0
L509A-K99-5N1D-NH4N-GN;241939FE0
LVL01352;241949FE0
RZR07653;242010Fg0
LHD5434100;242010Fg0
MWT11960;242182FE0
W2J7104060;242219FH0
W2J7104154;242219FH0
W2W6X06679;242219FH0
JMC21739;242319FG0
JWF71157;242386FF0
JWF71103;242386FF0
GY413960;242386FF0
QTT17224;242483FG0
LHD6252381;242598Fg0
LHD6252409;242702FG0
LHD5229787;242732FF0
QTS21224;242814FG0
WKL08247;242944FH0
HKE50977;243041FH0
JWF49077;243041FH0
LYE09289;243135FD0
LYE11257;243135FD0
LHD4209012;243243FE0
W2N6Z04388;243333FH0
XMH11407;243504FI0
CGJ7U1BHFI;243521FE0
752714946CD05;243538FG0
LYE08703;243543FD0
GNM19362;243605FG0
W2S6700713;243611FH0
HRY10110;243630FD0
WHR24518;243798FH0
GNY10633;243867FD0
QTT01284;243931FF0
WSJ13559;243994FH0
BAFK3488;244028FH0
JWF23197;244153FI0
W2S7726485;244153FI0
W357Y04801;244153FI0
WHR01637;244257FI0
L8F4706963;244274FF0
GAC00550;244365FE0
EAH00713;244365FE0
JPA24397;244379FG0
LHD4108290;244501FE0
JWF54124;244510FH0
LCA6522249;244550FG0
QNW14724;244600FF0
QXK06481;244669FG0
JWF94891;244699FF0
701643HH02V2W;244749FE0
75260394418KP;244749FE0
HRY08753;244782FD0
LYE09134;244784FD0
701544LM0DM5P;244855FE0
701544LM0F4PB;244855FE0
701544LM0F314;244855FE0
Q8L0Z05782;244918FE0
JWF24065;245244FD0
701656HH5XWX;245427FF0
7528626010CMK;245536FH0
NMR02936;2456022FE0
LWE04131;2456022FE0
L462A-XL0-XJ28-WPKD-6Z;2456022FE0
QLC08784;2456022FE0
QXM03103;2456022FE0
NMR02934;2456022FE0
QLC08796;2456022FE0
1819V674-00002;2456022FE0
MTX10664;245613FE0
MTX12295;245613FE0
QXM03783;245652FE0
QXK01713;245652FE0
QXK01703;245652FE0
W2S6700655;245770FH0
FSQ30239;245900FD0
7527029463VXH;245911FE0
QLC08795;246022FE0
WGR25747;246037FG0
NMY13750;246067FF0
NMY13749;246067FF0
UMB01328;246067FF0
QTS02554;246067FF0
QXK03263;246067FF0
QXL05011;246067FF0
QLC18884;246067FF0
QXL05005;246067FF0
NMY13760;246067FF0
QXL05031;246067FF0
QXL06075;246067FF0
UMB01333;246073FF0
UMB01334;246073FF0
70156PLM13N7W;246084FG0
N2K2403146;246087FE0
WSJ09076;246112Fh0
JWF72250;246406FF0
NMY03104;246494FD0
LYE09290;246494FD0
JWF26089;246521FD0
HRV01121;246521FD0
L8F4606377;246526FE0
WSJ07486;246535FH0
WSJ07408;246544FH0
QNW30712;246691FG0
SMF01277;246691FG0
LHD5229770;246811FF0
EAH00717;246865FD0
NUZ3109982;246872FD0
LHD5229748;246888FF0
FQQ03522;246895FF0
BAAT1657;246980FF0
QXL02267;246987FFF0
LYB50402;246987FFF0
JMC09457;246987FFF0
L874X23185;247184FF0
FQQ48989;247214FB0
JMC21696;247243FG0
LHD6556266;247259FG0
7527029463W5P;247259FG0
LHD4209185;247359FE0
5062059473MR7;247367FE0
QTT00668;247378FF0
L873Z10484;247379FE0
451444HH1B148;247447FE0
451444HH1B14W;247447FE0
451444HH1B157;247447FE0
451444HH1B15G;247447FE0
451444HH1B15H;247447FE0
451444HH1B16D;247447FE0
451444HH1B16H;247447FE0
451444HH1B16K;247447FE0
451444HH1B16M;247447FE0
451444HH1B16P;247447FE0
451444HH1B16R;247447FE0
451444HH1B16T;247447FE0
451444HH1B1L5;247447FE0
451444HH1B1L9;247447FE0
451444HH1B1LK;247447FE0
451444HH1B1LL;247447FE0
451444HH1B1LP;247447FE0
451444HH1B1LR;247447FE0
451444HH1B1LX;247447FE0
451444HH1B1LZ;247447FE0
451444HH1B1NP;247447FE0
451444HH1B1NY;247447FE0
451444HH1B1PC;247447FE0
451444HH1B1PM;247447FE0
LHD6556329;247492FG0
QLC29109;247565Fg0
W2S6Y06182;247603FH0
WKL07777;247618FH0
GPV62230;247707FF0
NMY11926;247715FE0
NMY11956;247715FE0
QXK01546;247715FE0
FAK23265;247756FG0
I99SSVVQIPPHXBCZUL2O;247816FE0
PS1000RT3-230;247816FE0
T1003SC170IN;247816FE0
LYK20655;247958FE0
JMN22548;248051FE0
70165PHH06XDC;248096FG0
WHN06203;248239FH0
WHN06230;248239FH0
WHN06134;248239FH0
UMZ01458;248239FH0
UMZ01460;248239FH0
UMZ01466;248239FH0
UMZ01467;248239FH0
DJR04943;248267FD0
JMN05573;248312FG0
EZU18834;248379FD0
FAK03393;248425FE0
QNW35626;248452FG0
JMN43133;248489FG0
LYE55958;248558FE0
QTS03157;248598FF0
QXK01789;248711FE0
NMR10025;248711FE0
NMR03075;248711FE0
L874820671;248711FF0
V677415326;248724Fh0
WSJ19995;248729FI0
JWF95933;248766FF0
LYK08475;248800FD0
GNM68209;248877FF0
LHD5129705;248905Ff0
W2W7114350;248935FH0
W2W7622640;248935FI0
QNW33155;248990FG0
W2W6X06801;249012FH0
DGJ15042;249061FF0
QXP25815;249061FF0
75274394669WC;249061FF0
GNM64234;249074FF0
701631HH00VR8;249164FG0
701645HH04K1K;249164FG0
L8B5606360;249265FF0
L7L5411008;249265FF0
W2W7114446;249299FH0
QTT01198;249308FF0
QTT01103;249311FF0
QTT02312;249312FF0
QTT01207;249315FF0
WGR00770;249343FF0
A-S00000007606;249353Fg0
DRQ22847;249374FE0
DRQ17488;249374FE0
NMY12700;249374FE0
NMY12702;249374FE0
JMN21855;249374FE0
WFQ00959;249507FH0
WFQ00961;249507FH0
QLC39834;249507FH0
XMF00611;249507FH0
XMF01224;249507FH0
WSH11985;249507FH0
WSH11859;249507FH0
JWF87700;249510FF0
LCA5110158;249510FF0
NZT04426;249530FD0
PGT00897;249530FD0
JWF34202;249530FD0
NZT04422;249530FD0
DHM06748;249530FD0
JWF34254;249530FD0
W2W8239908;249639FI0
LYK19209;249649FD0
WHR25046;249649FH0
CN79GGY00Y;249652FI0
MWY11406;249715FD0
W2S6Y06186;249720FH0
W2W6Y07082;249754FH0
W2W6904012;250052Fh0
QNU03506;250078FE0
MMKA026910;250078FE0
MMKA026866;250078FE0
MMKA026871;250078FE0
MMKA026824;250078FE0
MMKA026928;250078FE0
MMKA026915;250078FE0
MMKA026785;250078FE0
MMKA026943;250078FE0
2307V727-001;250078FE0
LYE52242;250082FE0
LCA5612957;250224FF0
LCA5110610;250224FF0
LH45509944;250224FF0
LH45509945;250224FF0
JWF26975;250306FD0
W2W8239987;250400FI0
N2Q1Y04991;250486FE0
JMN21551;250533FE0
LYK22562;250533FE0
LCA4605272;250579Fe0
LCA4605413;250582FE0
LCA4605412;250582FE0
LCA4605255;250582FE0
DGJ15028;250620FF0
DGJ17244;250620FF0
DFK22438;250620FF0
NMY13753;250620FF0
NMY13744;250620FF0
NMY13759;250620FF0
QNU10226;250662FG0
JMN20272;250701FE0
LHD6252340;250706FG0
7526229441FPW;250718FE0
NUZ3109928;250723FD0
JWF37832;250735FH0
LHD4209176;250749FE0
BAAT6244;250771FH0
331203283;250771FH0
WHL12119;250847FH0
QTS02564;250978FF0
701557HH0TT0P;250978FF0
QLG1514997;251104FG0
L876552413;251107FG0
NMY03105;251116FD0
NUZ3715359;251213FD0
JPA12117;251341FE0
7527439466B1F;251433FF0
DGJ15027;251517FF0
W2S6700479;251519FH0
JWF72361;251562FF0
QTS02563;251567FF0
WSG07374;251666FH0
WHL12116;251666FH0
WHL12124;251666FH0
WSH17328;251666FH0
LCA4605142;251677FE0
L874Z26970;251685FG0
W2W6Y06988;251776FH0
WGR32419;251832FG0
WGR32322;251836FG0
QTT21248;251838FG0
N2E1X01291;251855FH0
QAW1825767;251855FH0
N2Q1X03816;251855FH0
QZK1817359;251855FH0
N3Y1800850;251855FH0
N4Q1800353;251855FH0
N2Q1X04158;251855FH0
LHD3800599;251855FH0
N2Q3124916;251963FD0
BJ8YW7HLN6X19KCJ81U2;252021FE0
CZC1240FJW;252094FF0
GNY60475;252094FF0
W2S7725538;252097FH0
LCA6622674;252115FG0
KGL63990;252152FD0
WGR00935;252230FF0
LHD3X02157;252276FE0
701643HH02V30;252276FE0
701643HH02V3C;252276FE0
701643HH02V2P;252276FE0
QLC29106;252295Fg0
QTF13686;252301FG0
QTS23408;252355FG0
DHM04301;252387FF0
LHD5229836;252403FF0
GNM64230;252420FF0
UML00891;252473FG0
QXM13795;252473FG0
AAMJ2218;252473FG0
W2W6600684;252586Fh0
HRY08742;252590FD0
LCA6522251;252685FG0
WSJ09779;252727FH0
JWF23135;252760FD0
MKRA745411;252777FD0
MKRA749146;252777FD0
MMKA003451;252777FD0
MMKA003536;252777FD0
MKRA749105;252777FD0
MKRA745416;252777FD0
MKRA745328;252777FD0
MMKA002117;252777FD0
MMKA002572;252777FD0
MKRA749103;252777FD0
MKRA749142;252777FD0
MKRA749149;252777FD0
MKRA749144;252777FD0
MKRA745413;252777FD0
MMKA004051;252777FD0
MKRA745414;252777FD0
JWF49638;252901FE0
LHD3800273;252920FE0
LHD5129419;252944FF0
L876552424;252963FG0
QTT17548;253008FG0
GNM01339;253281FD0
GNY52394;253413FE0
FP447545;253413FE0
V937407470;253421FH0
LHD6556241;253540Fg0
FAK03347;253637FF0
QTT20471;253671FG0
W2W6Y06985;253779FH0
JPA24516;253806Fg0
QTS23182;253809Fg0
QTT19706;253985Fg0
GQP30048;254067FF0
L876552503;254093FG0
LHD5129407;254102FF0
JWF48815;254110FH0
LCA4605143;254184FE0
LYK53203;254186FE0
NMY02902;254200FH0
LFA00792;254200FH0
HFQ20709;254296FC0
LHD6251971;254328FG0
QTS23363;254394FG0
WHR23717;254475Fh0
JMN43978;254525FH0
MXDA147224;254560Ff0
V937105383;254563Fh0
LHD3800642;254633FE0
LHD4209092;254633FE0
NZU12315;254705FE0
LHD4209173;254705FE0
701645HH04HZT;254820Fg0
URQ07606;254944Fh0
URQ07611;254944Fh0
GNY52693;255078FF0
BAFK6432;255090FH0
EZU00503;255101Fg0
LYK60859;255123FF0
QXM03095;255206FE0
LYK53512;255206FE0
LYK53597;255206FE0
LYB50553;255206FE0
WKB04523;255215FH0
JWF94982;255278FF0
QXM03395;255443FE0
QTT19696;255555FG0
QNU06494;255556FF0
N2E2905678;255668FD0
NNP3523399;255668FD0
NUZ3109983;255668FD0
QTS02044;255683FF0
WGR14056;255734FG0
XMH10609;255745FI0
GNY57907;255811FG0
LCA4605466;255928FE0
75250094609M2;256172FG0
75272894657ZF;256172FG0
LHD6556250;256172FG0
QTT03016;256291FF0
75274394669W9;256335FF0
LYE52254;256349FE0
WGR33923;256359FG0
LSJ5Z21512;256415FH0
VAQ7200336;256415FH0
VAQ7200331;256415FH0
W2J7607018;256415FH0
W2J7607005;256415FH0
W2J7606996;256415FH0
W2J7506890;256415FH0
W2S7316417;256415FH0
W2S7316017;256415FH0
W2S7316035;256415FH0
W2S7316195;256415FH0
W357503086;256415FH0
W356Z01513;256415FH0
W357503089;256415FH0
LSJ7534946;256415FH0
V7F7610573;256415FH0
V7F7610576;256415FH0
CLYCE52;256415FH0
JWF02834;256435FD0
QNW17277;256460FF0
NN93220637;256464FD0
JWF34971;256572FD0
JWF34960;256573FD0
N2Q3124744;256635FD0
LEDL1V2RH5FLX1EXPWYE;256649FF0
W2W6X06908;256858FH0
QTS04523;256990FF0
QXM08286;257065FF0
W2W8240044;257446FI0
W2W6904019;257471FH0
JWF96135;257495FF0
JWF96126;257498FF0
JWF96141;257498FF0
QXL06104;257498FF0
WGR25106;257627FG0
WGR02094;257630FF0
W2W6802636;257742FH0
LHD6556247;257852FG0
L8Z6802274;257852FG0
LHD6556233;257882FG0
LHD6556216;257882FG0
L8F5Z16149;257882FG0
JMN08606;257897FD0
FAK34049;257999FG0
FAK34047;257999FG0
L8B6509818;258014FG0
LHD4209168;258167FE0
LHD4209187;258199FE0
L8B4602563;258199FE0
W2E7102096;258262FI0
W2E7703090;258262FI0
JWF62933;258288FE0
WSH09035;258323FH0
KWT09795;258385FD0
HD409767;258574FG0
HD409763;258574FG0
HD413951;258574FG0
HD413962;258574FG0
LHD4208875;258583Fe0
QTS23361;258603FG0
7527029463VZ0;258700FE0
DCF36538;258703FE0
7018822000ZWZ;258748FI0
WGR32944;258875FG0
LHD4209274;258888FE0
LHD4208870;258891FE0
WSG07404;258963FH0
75620294015CM;259186FG0
JWF38439;259330FH0
W2W6701462;259333FH0
LYK22238;259336FE0
WSG05722;259398Fh0
W2W7114227;259560FH0
70166PHH08F2KN;259579FG0
WHR02003;259677FG0
WHR04625;259677FG0
L462A-XL0-M2R9-VRMR-QJ;259677FG0
L462A-XL0-WGX1-WPHR-R3;259677FG0
W2W6701467;259687FH0
W2W6802691;259687FH0
W2S7315725;259687FH0
W2W6802715;259687FH0
W2N7710324;259687FH0
W2W6802635;259687FH0
W2W6802633;259687FH0
W2W6802686;259687FH0
W2W6802634;259687FH0
NUZ3109881;259735FD0
N2Q3124718;259735FD0
W2W6X06810;259808FH0
701557LM0V32T;259983FF0
LYK22176;259992FE0
AAAC4902;260134FF0
LYK54745;260256FE0
LYK22160;260259FE0
2336V883-00001;260319FD0
LHD5128703;260397FF0
QTS25550;260473FG0
L8K6315631;260492FG0
W2N7710744;260544FH0
701656HH05THG;260593FF0
RZR09650;260888FG0
LHD6151074;260888FG0
RZR09591;260888FG0
N2Q2107363;260897FF0
GNM15544;260900FF0
LHD6252408;260919FG0
JWF34207;260930FD0
GPV63392;260989FG0
DHM09688;260989FG0
GPV53612;260989FG0
DHM00431;260989FG0
DHM10672;260989FG0
QTF03091;261037FF0
R428401401;261111FI0
QTS16602;261132FG0
WGR00811;261143FF0
WGR00817;261144FF0
QTT22739;261159Fg0
W2S7623450;261233FH0
WKL08307;261261Fh0
QTT19702;261281FG0
GNM64282;261479FF0
QTT21308;261537FG0
QTS23459;261557FG0
QTT04815;261559FF0
LHD5229741;261569FF0
LHD5129740;261569FF0
WSJ12942;261779FH0
VAQ6Z00180;261781FH0
VAQ6Z00162;261781FH0
W2N7608286;261781FH0
LYK21320;261795FD0
JWF37749;261797FH0
RME01702;261875FF0
WGR00982;262035FF0
NUZ3109794;262065FD0
NUZ3715375;262067FD0
75272894657ZH;262127FF0
WHR26591;262152FH0
GNY57834;262185FF0
V937206307;262204FH0
GPV67932;262538FC0
QTT15425;262542FG0
LHD4209161;262550FE0
WGR08621;262572FF0
451432HH0NTCF;262755FD0
451432HH0R5R9;262755FD0
451432HH0R5R5;262755FD0
451432HH0R5R1;262755FD0
79G51YH;262755FD0
AAGX2331;262828FD0
HRY11085;262840FD0
JWF37769;262840FD0
LHD4208797;262923FE0
W2W6904015;262947Fh0
LHD4209113;262952FE0
W2N7710337;263005FH0
QTS04599;263039FF0
WGR02625;263041FF0
LHD5129399;263090FF0
W2N6700249;263110FH0
NUZ3109737;263261FD0
XMH10621;263343FI0
WGR11201;263521FH0
LYK22564;263618FE0
79G523C;263626FD0
V7C6704975;263656FH0
V7C6704380;263656FH0
HRY10800;263704FD0
7527029463VX8;263831Fe0
V7C6704603;263858FH0
V7C6704978;263858FH0
JWF64750;263866FE0
JWF64608;263866FE0
HNC01064;263922FH0
HRX02645;263922FH0
NNG2806651;263922FH0
NNG2806721;263922FH0
5062229473ZH2;263945FE0
7527029463W5N;263986FE0
W2W7114332;264057FH0
KQ6C070B31E07;264083FH0
QLC10354;264162FE0
L873Z10330;264189FE0
L873Z09658;264189FE0
W2W6904066;264217FH0
QTS06142;264274FF0
QTS06139;264274FF0
CNG01226;264278FE0
70165PHH06X6M;264280FF0
JWF67812;264296FE0
LYK22131;264315FE0
AALW2955;264371FD0
GW412714;264467FF0
JWF10979;264473FD0
GPV55485;264577FF0
QTT04227;264673FF0
QNW19075;264675FF0
FQQ35946;264842FE0
FQQ37185;264842FE0
NMR11785;264866FF0
NMR11787;264866FF0
QXK05206;264866FF0
JMN35517;264866FF0
LCA4Y08726;265015FG0
QTF11700;265080FG0
W2W6904056;265109FH0
V7C6704362;265113FH0
V7C6704377;265117Fh0
L873Z09647;265188FE0
AALW3414;265219FD0
NUZ3109897;265219FD0
76G612R;265249FD0
QTT04822;265267FF0
WHR00898;265326FH0
XTV11904;265373FI0
LHD5229745;265630FF0
JMC21166;265695FG0
QXK06254;265695FG0
JWF08902;265745FI0
DCF06344;265916FD0
QLC32111;265951FG0
QLC32112;265951FG0
QLC32025;265951FG0
QLC32104;265951FG0
QLC32758;265951FG0
QLC32761;265951FG0
QLC32062;265951FG0
QLC32092;265951FG0
QLC32077;265951FG0
QLC31762;265951FG0
QLC32115;265951FG0
QLC31919;265951FG0
QLC31953;265951FG0
QLC32094;265951FG0
QLC32107;265951FG0
QLC32105;265951FG0
QLC32069;265951FG0
QLC32019;265951FG0
QLC32106;265951FG0
QLC32093;265951FG0
QLC32061;265951FG0
QLC32015;265951FG0
QLC32113;265951FG0
QLC32117;265951FG0
QLC32110;265951FG0
QLC32063;265951FG0
QXL10748;265951FG0
QXL10747;265951FG0
WHR08611;265951FG0
WHL02783;265951FG0
CHOPI11;265951FG0
MXDA174073;265951FG0
MXDA174070;265951FG0
MXDA174071;265951FG0
MXDA174068;265951FG0
MXDA174108;265951FG0
MXDA174103;265951FG0
MXDA174072;265951FG0
MXDA174101;265951FG0
MXDA174104;265951FG0
MXDA174106;265951FG0
MXDA174105;265951FG0
MXDA174100;265951FG0
MXDA174097;265951FG0
MXDA174096;265951FG0
MXDA174098;265951FG0
MXDA174099;265951FG0
NERA003645;265951FG0
LYK18891;265964FF0
L874X24820;265969FF0
W2W7114224;265998FH0
W2W6600695;266017FH0
NUZ2300856;266175FD0
LHD4208857;266180FF0
LHD4716927;266381FG0
LYK22230;266408FE0
JPA19765;266603FF0
L462A-XL0-ERD3-2XKH-6R;266603FF0
XTU10756;266730FI0
XTU10846;266730FI0
7018822000ZRH;266730FI0
L509A-X00-5B54-JFQJ-EZ;266772Fh0
L509A-X00-KEQ1-W92A-HW;266772Fh0
L509A-X00-WJH6-NQD9-GM;266772Fh0
QXM10608;266830FF0
WGR08851;266830FF0
RZR03471;266830FF0
QXM10607;266830FF0
RZR03470;266830FF0
LHD4209141;266839FE0
NUZ3109877;266857FD0
UMZ01841;267172FH0
LYE17906;267222FD0
LHD5129725;267314FF0
QXK01927;267521FE0
JMN23266;267521FE0
QLC20350;267527FF0
FAK22829;267537FF0
9446YZ9;267674FH0
795498P;267674FH0
94265H0;267674FH0
795BLFD;267674FH0
795BLH3;267674FH0
795BK0F;267674FH0
79544PG;267674FH0
9446YH3;267674FH0
795BHZP;267674FH0
79544P3;267674FH0
79544KH;267674FH0
795491N;267674FH0
942728T;267674FH0
9426XGW;267674FH0
9446YHD;267674FH0
795BK12;267674FH0
795BK05;267674FH0
BAAT6474;267934FH0
WGR27689;267952Fg0
WGR27955;267953Fg0
70165PHH06X28;268079FF0
N2E1Z01828;268093FF0
WHR02136;268114FG0
WHL01808;268114FG0
SMZ00873;268114FG0
CLYCE67;268114FG0
L873Z10719;268152FE0
NUZ3109966;268170FD0
WSH08904;268239FH0
W2N7811039;268251FH0
WHJ05994;268317FH0
UMY02668;268317FH0
WSG07700;268317FH0
LBC5830891;268627FF0
AAKS8676;268653FD0
LYE18023;268688FD0
LYK22236;268756FE0
QTF04796;268865FF0
LYK22165;268954FE0
WGR04601;269061FF0
038228434-4562E322-84C28433-45;269208FE0
GPV62934;269220FG0
L8F5Z16147;269327FG0
E562A-XL0-CA26-PKC5-DZ;269385FF0
JWF39920;269405FH0
LYK08431;269528FD0
L873Z09550;269666Fe0
JWF35720;269784FD0
GX435998;269811FG0
NUZ3109895;269841FD0
LHD4209145;270023FE0
LHD5129724;270053FF0
GNY51323;270106FF0
WHN00719;270159Fg0
WHN00658;270161FG0
WGR04515;270232FF0
QXM09808;270232FF0
WFOESR-UIZKOT-AEQXPM-AEWHIK;270232FF0
JPA07276;270247FD0
QHV00676;270247FD0
QNW38063;270248FG0
75623294746Y7;270279FE0
V937608409;270291FH0
KWT05668;270329FF0
JWF68451;270408FE0
WHL14038;270411FH0
UMX04447;270411FH0
PHMVK960Q5;270411FH0
LWE03632;270416FE0
LHD6556269;270511FG0
W2W7827965;270552FH0
BACH8984;270620FG0
451456HH291KV;270636FF0
451456HH291KF;270636FF0
451456HH291K8;270636FF0
451444HH194R1;270636FF0
451444HH194RC;270636FF0
QXM16180;270649FG0
0072-1646-08;270654FH0
0075-1646-08;270654FH0
0074-1646-08;270654FH0
0073-1646-08;270654FH0
0076-1646-08;270654FH0
JWF37754;270788FD0
DGJ05682;270801FC0
JPA05455;270816FD0
FQ410547;270844FD0
L462A-XL0-QYQ3-WY6J-3N;270844FD0
KJFUOJ-KPLLLU-ONOUJU-WMBGNT;270844FD0
R427Z00279;270845FI0
LYK08556;270849FD0
L6BXPHZWPW;270858FH0
L6BXPHZWPW-1;270858FH0
L6BXPHZWPW-2;270858FH0
L6BXPHZWPW-3;270858FH0
L6BXPHZWPW-4;270858FH0
L6BXPHZWPW-5;270858FH0
QLC09916;270907FE0
LYK54736;270998FE0
QNW01812;270998FE0
QLC12380;270998FE0
QLC12417;270998FE0
QLC12141;270998FE0
QLC12396;270998FE0
LYK56617;270998FE0
QLC10723;270998FE0
QLC06598;270998FE0
QTT05056;271087FF0
LHD4208979;271200FE0
70166PHH08DN4Q;271333FG0
75286160104D4%;271333FG0
GW434357;271333FG0
GW434349;271333FG0
GW434350;271333FG0
GW430842;271333FG0
L509A-K99-0F6D-NH8Y-82;271333FG0
L509A-K99-0F6D-NH8Y-82-1;271333FG0
L509A-K99-0F6D-NH8Y-82-10;271333FG0
L509A-K99-0F6D-NH8Y-82-11;271333FG0
L509A-K99-0F6D-NH8Y-82-12;271333FG0
L509A-K99-0F6D-NH8Y-82-13;271333FG0
L509A-K99-0F6D-NH8Y-82-14;271333FG0
L509A-K99-0F6D-NH8Y-82-15;271333FG0
L509A-K99-0F6D-NH8Y-82-16;271333FG0
L509A-K99-0F6D-NH8Y-82-17;271333FG0
L509A-K99-0F6D-NH8Y-82-18;271333FG0
L509A-K99-0F6D-NH8Y-82-19;271333FG0
L509A-K99-0F6D-NH8Y-82-2;271333FG0
L509A-K99-0F6D-NH8Y-82-3;271333FG0
L509A-K99-0F6D-NH8Y-82-4;271333FG0
L509A-K99-0F6D-NH8Y-82-5;271333FG0
L509A-K99-0F6D-NH8Y-82-6;271333FG0
L509A-K99-0F6D-NH8Y-82-7;271333FG0
L509A-K99-0F6D-NH8Y-82-8;271333FG0
L509A-K99-0F6D-NH8Y-82-9;271333FG0
GNY60031;271337FF0
XMH03825;271378FH0
XMH01524;271378FH0
WSJ13807;271378FH0
W2E6700149;271393FG0
W2E6700156;271393FG0
LHD4209159;271430FE0
GPV31920;271571FG0
LYK08432;271613FD0
W2N7710805;271696FH0
W2J7607027;271711Fh0
W2W7114226;271719FH0
WGR08165;271961Ff0
WGR08167;271961Ff0
JPA20934;271961Ff0
QTT06520;271964Ff0
WSJ11888;271983FH0
LHD4209277;271998FE0
NUZ3109767;272055FD0
WGR30341;272118FG0
LHD6556255;272223FG0
GNY01793;272285FD0
QTT05726;272319FF0
CCOST01;272349FH0
CCOST01-1;272349FH0
CCOST01-2;272349FH0
W2W7114430;272377FH0
XME02339;272389FH0
XME01687;272389FH0
WSJ14303;272389FH0
WSJ14937;272389FH0
WSJ14940;272389FH0
79G758X;272488FD0
GNM65084;272562FF0
W357Y04672;272591FI0
W2S7314629;272591FI0
WKL12471;272594FH0
VNN7604468;272651FH0
QTT05067;272788FF0
QTT05708;272823FF0
WGR34373;272967FG0
QNW36003;272968FG0
QNW36006;272968FG0
2FN02562;273053FI0
LHD3800609;273288FD0
QNW03472;273386FE0
MKRA891702;273386FE0
LHD4717098;273451FE0
L873Z10146;273955FE0
LHD4717039;273956FE0
GPV01245;274052FG0
GPV53600;274052FG0
79G6124;274081FD0
WHR01206;274089FG0
L874X24384;274197FE0
SMF01907;274411FG0
QXL10396;274411FG0
QXL10401;274411FG0
WHL01825;274411FG0
QXM15568;274411FG0
QXM15575;274411FG0
WHL01743;274411FG0
WHL01746;274411FG0
SMF01909;274411FG0
QXL10403;274411FG0
WHL01895;274411FG0
QXL10392;274411FG0
QXL10399;274411FG0
SWC01157;274411FG0
SWC01158;274411FG0
QXM15652;274411FG0
QXM15339;274411FG0
WHL00551;274411FG0
QTS25758;274411FG0
QXM15374;274411FG0
SWC01159;274411FG0
SMQ01126;274411FG0
SMF01819;274411FG0
SWC02114;274411FG0
JWF10329;274448FI0
JMN02935;274448FI0
JWF69470;274456FE0
FAK34096;274491FC0
JPA20945;274525FF0
NMY15619;274525FF0
JPA21687;274525FF0
HUT20114;274527FG0
HUT20937;274527FG0
JPA01259;274527FG0
BAHN7546;274615FI0
LHD6252405;274745FF0
QTS29649;274768Fg0
LHD3800669;274808FD0
LHD3800646;274808FD0
W2W8240088;274889FI0
LHD4717137;274897FE0
JWF69403;274962FE0
LSA4809149;274962FE0
LSE4501909;274962FE0
LWY4905001;274962FE0
QTF14625;275045Fg0
QNV06657;275045Fg0
QNV06673;275045Fg0
70165PHH07D401;275045Fg0
70166PHH08CYH6;275045Fg0
70166PHH08CZ6;275045Fg0
LHD3800257;275062FD0
LHD6556346;275084FG0
W356X00887;275122FG0
W2J6901402;275127FG0
V936801058;275127FG0
XMH11078;275162FI0
LHD5128641;275222FF0
701643HH02V3N;275264FE0
JWF37813;275331FI0
7527029463W59;275348FE0
JWF72260;275368FE0
LHD4209164;275428FE0
JMN23329;275501FE0
JMN23295;275501FE0
JMN23221;275501FE0
JMN23297;275501FE0
WGR07378;275625FF0
LHD3800672;275699FD0
LHD5129582;275699FF0
WSH22310;275707FI0
JWF69407;275789FE0
LHD4716932;275827FE0
LYE22585;275914FG0
LHD6556256;275934FG0
NMY04333;276054FD0
AAKK8533;276077FD0
LHD5434121;276104FG0
R4T8300036;276126FI0
R378100201;276126FI0
752728946590K;276238FE0
WGR05665;276319FF0
70165PHH06X6Y;276370FF0
QTT18970;276614FG0
JWF37728;276620FD0
LYK22207;276634FE0
FQY31359;276703FD0
LHD4716959;276727FE0
7526339441N3Z;276734FE0
QNW21965;276737FF0
WSH19809;276797FH0
701631HH00F1X;276866FD0
701631HH0106V;276866FD0
701631HH01003;276866FD0
LYE18546;276906FD0
HRY05898;276917FD0
W2S7522629;277029FH0
W2S7725522;277029FH0
JWF41465;277092FD0
QLC22274;277104FF0
GNY53209;277248FG0
V7C6704334;277403FG0
LYK22135;277422FE0
75260294422HX;277424FE0
JWF06956;277480FG0
L8V3Y00164;277511FD0
LHD3Y02545;277511FD0
LHD3Y02537;277511FD0
LYK18793;277533FD0
HWH03006;277647FF0
LHD6151201;277698FG0
LYB52719;277734FE0
NMY13112;277760FE0
L8B4X03766;277795FE0
LHD6151069;278145FG0
RMF00805;278160FF0
WGR06219;278223FF0
XVB01746;278261FI0
LHD3800685;278333FD0
LSJ6828282;278338FG0
LSJ6728274;278338FG0
LSJ6728278;278338FG0
V1Q6843262;278338FG0
V1Q6843266;278338FG0
V1N6647274;278375FG0
V1Q6843254;278375FG0
V1Q6843272;278375FG0
BAFX3768;278484FH0
LHD5434119;278693FF0
40633699093F8;278703FH0
40633699093F7;278703FH0
4063369908F24;278703FH0
JWF37755;278722FH0
WGR09377;278788FF0
QTF04542;278788FF0
HUX10004;278917FE0
JWF72255;278917FE0
LVL01002;278954FD0
JMN07624;278962FI0
NND3X08833;279056FD0
JPA08249;279319FD0
RME01633;279365FF0
LYB52734;279399FE0
LYB52737;279399FE0
LYK22153;279414FE0
LYK03046;279428FD0
BACH1257;279510FF0
QTS08263;279522FF0
XMH10611;279539FI0
WSH10454;279570FH0
W2S7726730;279660FH0
79G5W41;279691FD0
WHR01546;279738FH0
JWF72312;279775FE0
LHD4717134;279797FE0
LCA4706147;279797FE0
W2J6800261;279801FG0
LCA4706248;279836FF0
L7U5X21798;279836FF0
LHD5434093;279836FF0
AALW9463;279843Fe0
L874718648;279844FBE0
70155PHH0Y7ND;279905FF0
QTT08397;279910FF0
WGR09593;279917FF0
75272494623T2;280049FD0
JPA06573;280148FD0
2302V728-00002;280148FD0
JWF38901;280148FD0
QXK05257;280195FF0
QTT08862;280195FF0
W2N6700253;280209FG0
QTT19703;280235FF0
XMH02045;280273FH0
LHD5434106;280325FF0
451432HH0V1PY;280371FD0
4063369909X6K;280371FD0
752741946343F;280406FD0
70165PHH06X6P;280417FF0
70165PHH06X79;280417FF0
JPA20943;280422FF0
LYK59658;280508Fe0
N2Q3124741;280532FD0
451432HH0TCVY;280532FD0
451432HH0RKMB;280532FD0
LHD4717592;280580FE0
701545LM0MWH4;280580FE0
LYK22556;280596FE0
QXM05417;280604FE0
W2W7114423;280620FH0
WSJ06722;280780FH0
FP435803;280809FD0
NMH01799;280984FD0
NMY10209;280984FD0
W2S6Y06140;281034Fg0
LHD4717551;281068FE0
W2W7114502;281107FH0
50287170116MN;281117Fh0
LCA5X17250;281126FF0
LHD4717598;281144FE0
L835800970;281176FF0
LHD5229771;281176FF0
LCA5110512;281176FF0
RZH04648;281202FF0
LYK03041;281236FD0
WSJ16744;281237FH0
JWF29611;281266FD0
LHD3800665;281303FD0
QNW22537;281527FF0
DHM12898;281600FF0
HRY11954;281638FD0
QHW00834;281638FD0
QNW38111;281661FG0
WHL04230;281672FG0
LSJ6728362;281722FG0
V1Q6742530;281722FG0
V1Q6842785;281722FG0
V1Q6843226;281722FG0
V1Q6843323;281722FG0
V1Q6843327;281722FG0
W2N6Z04383;281723FH0
V1N6750945;281726FG0
W2N6Z04363;281727FH0
W2N7710217;281729FH0
WHR05632;281734FG0
QXK07288;281736FG0
QXK07307;281737FG0
QTS28035;281746FG0
UMB03470;281748FG0
7527459466DY8;281756Fe0
50264294240FD;281756Fe0
AALW9452;281760FE0
W2W6X06873;281783Fg0
75272894658XK;281786FE0
GPV64815;281788FG0
LHD4717105;281813FE0
QLC10721;281875FE0
JWF72405;281875FE0
JWF72394;281875FE0
JWF72301;281875FE0
JWF72306;281875FE0
QLC10790;281875FE0
QLC11785;281875FE0
QLC12418;281875FE0
QLC10840;281875FE0
QLC10809;281875FE0
752735946F5XH;281905FG0
V7C6704878;281952FH0
MXDA137171;281987FE0
V7C6704539;282108FH0
QLC29288;282296FG0
V1Q6843270;282320FG0
SMQ01166;282388FG0
SMQ01152;282388FG0
WHJ02431;282388FG0
QTS29045;282388FG0
QTS29005;282388FG0
QTS29000;282388FG0
QTS29003;282388FG0
QTS29031;282388FG0
QTS29038;282388FG0
QTS29013;282388FG0
NGKA004143;282388FG0
NGKA004178;282388FG0
NGKA004183;282388FG0
NGKA004186;282388FG0
NGKA004239;282388FG0
NGKA004241;282388FG0
NGKA004242;282388FG0
NGKA004243;282388FG0
NGKA004261;282388FG0
NGKA004263;282388FG0
NGKA004264;282388FG0
NGKA004276;282388FG0
NGKA004278;282388FG0
NGKA004279;282388FG0
NGKA004281;282388FG0
0005DB410;282388FG0
0005D697;282388FG0
0005D69D;282388FG0
0005D69F;282388FG0
0005D6A8;282388FG0
0005D6AA;282388FG0
0005D6AB;282388FG0
0005D6AD;282388FG0
0005D6B0;282388FG0
0005D6BB;282388FG0
0005D6BE;282388FG0
GPV69098;282448FC0
GNY54784;282449FE0
XMH01556;282530FH0
GQP00734;282571FF0
GEJ01438;282571FF0
GPV31933;282571FF0
CNF01159;282571FF0
CNF00139;282571FF0
FSQ02572;282571FF0
GEJ00763;282571FF0
L509A-X00-1BE6-NNVD-Q3;282571FF0
79G6BW9;282589FD0
QTT08103;282589FF0
QLC11804;282598FE0
JWF72258;282648FE0
GNM15117;282677FE0
QNU11989;282905FG0
LYK19186;282993FD0
QNW22311;283024FF0
LYE21307;283066FD0
JWF71097;283357FE0
MXDA137647;283363FE0
MXDA137641;283363FE0
MXDA137640;283363FE0
MXDA137650;283363FE0
QXM05717;283363FE0
QXM05722;283363FE0
MXDA137070;283363FE0
MXDA137639;283363FE0
MXDA137627;283363FE0
MXDA136997;283363FE0
QTT01239;283364FF0
L7L4Y05608;283370FE0
LWW4902613;283370FE0
N2Q2818013;283429FC0
QNU04091;283480FE0
QNU03151;283486FE0
QNU03602;283487FE0
QLC11688;283487FE0
L7Q3Y01919;283536FD0
PHNVL6X0JK;283562FI0
L8B3900820;283594FD0
L7L3900685;283594FD0
RNV12237;283705FF0
LHD6151153;283827FG0
JWF72307;283896FE0
JWF77412;283901FE0
GPV58446;283912Fe0
QNW06104;283912Fe0
L876552486;283928FG0
RZH10949;283932FG0
QTS30248;283934FG0
LHD3800582;283987FD0
BAFK7983;283990Fh0
WHN01758;284017FG0
HRY08165;284052FG0
XMH11103;284097FI0
LYE54303;284272FE0
QLC32554;284348FG0
RZR04211;284508FF0
JWF37805;284541FD0
SWC01401;284565FG0
QTS29333;284565FG0
QXL12075;284565FG0
SWC01530;284572FG0
QXM15446;284572FG0
QLC33097;284572FG0
QXM17210;284572FG0
QTS32145;284572FG0
QXM17109;284572FG0
SWC01403;284572FG0
QXM17088;284572FG0
WHR09687;284572FG0
WHR09448;284572FG0
QTS30279;284572FG0
WHR10684;284586FG0
WHL05569;284586FG0
QXM17133;284586FG0
WHR10717;284586FG0
SMQ01189;284586FG0
QTS32139;284586FG0
SMF02648;284586FG0
WHR10720;284586FG0
WHR08432;284586FG0
QNW40906;284586FG0
JWF37814;284645FFD1
LHD3Y02468;284654FD0
XVF11803;284656FI0
W2S7726723;284674FH0
JWF37736;284678FD0
FAK03985;284684FE0
LHD3800659;284688FF0
V1Q6843269;284743FG0
CN877HY0Q4;284744FI0
MUR09166;284769FD0
75286220108KT;284839FG0
JMN36647;284894FF0
LHD5740500;284945FF0
JWF72399;284965Fe0
GNM20160;285000FD0
2FL10434;285039FI0
QTS11286;285185FF0
L8F5914986;285248FF0
QXM10972;285279FF0
QTT18353;285307FG0
W357804016;285326FH0
LHD3Y02486;285350FD0
V7C6704719;285358FH0
JPA00787;285371FG0
LWE02911;285373FD0
JWF38548;285394FD0
75260394418MG;285421FG0
QTF17115;285421FG0
74636C6600FMB;285421FG0
JWF37733;285437FD0
QNW22720;285456FF0
QTT10544;285530FF0
XMS01174;285570FI0
7562039401HM3;285630FD0
L876552489;285668FG0
75286210107VM;285673FG0
DCF27531;285711FD0
JWF37793;285817FD0
LYK56087;285829FE0
JUM12955;285830FD0
GPV01021;285928FH0
7526389441R28;285940FE0
JWF37850;286057FD0
DBN23934;286067FD0
RME14677;286100FG0
NX42X05582;286102FC0
GNY31341;286124FG0
LYK18893;286134FD0
70165PHH06X9F;286292FF0
JWF37808;286308FD0
LYK18873;286321FD0
JPA07636;286324FD0
JWF72364;286336FE0
WHN01176;286337FG0
BAFK0659;286337FG0
WHR04975;286349FG0
JWF37829;286426FD0
LYK19188;286454FD0
5026329420RH7;286478FF0
5026329420PN0;286478FF0
5026329420RP7;286478FF0
5026319430MZ1;286478FF0
5026319430MZ4;286478FF0
5026319430MZ0;286478FF0
JPA22137;286478FF0
QNU08402;286478FF0
70165PHH06XBG;286478FF0
70165PHH06XBN;286478FF0
70165PHH06XBM;286478FF0
70165PHH06XBR;286478FF0
70165PHH06X78;286478FF0
70165PHH06X75;286478FF0
70165PHH06X53;286478FF0
70165PHH06X1R;286478FF0
70165PHH06XF9;286478FF0
70165PHH06XD8;286478FF0
70165PHH06XF2;286478FF0
70165PHH06XBH;286478FF0
70165PHH06XB9;286478FF0
70165PHH06X0Z;286478FF0
70165PHH06X6G;286478FF0
70165PHH06X7F;286478FF0
74635C66035N8;286478FF0
74635C6602CHV;286478FF0
74635C6602CGZ;286478FF0
74635C6602CLF;286478FF0
502738946CCKF;286478FF0
451457HH2MMHG;286478FF0
451457HH2MMHR;286478FF0
40635C6605VDD;286478FF0
752728946583R;286484FF0
70165PHH06X82;286484FF0
74635C6602CG6;286484FF0
451457HH2MMFR;286484FF0
451457HH2MMGG;286484FF0
5026429425FMR;286484FF0
BAFK7985;286559FH0
LYE54321;286591Fe0
WHR06026;286608FG0
LHD4209166;286690FF0
FT418336;286691FD0
FT418314;286691FD0
FT418315;286691FD0
FT418316;286691FD0
JWF39620;286766FH0
N2Q3124694;286871BD0
JWF37726;286902FD0
JWF37854;286902FD0
XMH01364;286922FH0
NNP2Z17422;287162FF0
Q8L1106505;287162FF0
Q8L0903151;287162FF0
Q8L0903149;287162FF0
LSJ5X19044;287162FF0
N2K2403179;287229FD0
WHR29188;287316Fh0
V1N4Y51039;287342FE0
CN888HY065;287387FI0
701644HH03PGN;287393FE0
LYK19764;287438FD0
L8K3Y01990;287443FD0
WSG09830;287666FH0
WSG10852;287670FH0
JWF72360;287754Fe0
JWF37834;287759FD0
LYE22498;287812FF0
HKE50997;287828FG0
LHD3800423;287937FD0
QTT09718;287944FF0
LYK19194;288054FD0
LHD5740608;288224FF0
GNM31418;288233FE0
JWF81670;288290FE0
NUZ2703786;288312FC0
QTT09307;288318FF0
V5U6X15762;288403FG0
70167PHH0BM2C;288417FH0
70167PHH0BRKP;288417FH0
LSJ6X29752;288419FG0
WHN01764;288423FG0
V1N6956338;288459FG0
QTS08224;288464FF0
WHR05106;288465FG0
L8F4606227;288510FE0
WHR24293;288521FH0
QTT09559;288814FF0
LHD4717755;288876FE0
LYK59456;288887FE0
AALW9453;288887FE0
L7L5911717;288939FF0
L875229764;288939FF0
W2S6X04869;288949FG0
WHJ02052;289009FG0
LHD4717135;289079FE0
LHD4717599;289084FE0
JWF87699;289279FE0
LYE54301;289307FE0
XMF01386;289317FH0
WSJ14941;289320FH0
KWT05705;289361FF0
WGR08524;289361FF0
LYK59657;289398Fe0
7528626010CMW;289431FG0
W2W6802709;289434FG0
WSJ15402;289479FH0
NGRA011831;289498FH0
QNW07757;289516FE0
JWF77437;289516FE0
W2W7622149;289516FH0
JWF71099;289524Fe0
L874X24587;289565FE0
L874X24625;289567FE0
HRX00616;289662FG0
GNM90985;289662FG0
HRY01720;289662FG0
WHR06176;289662FG0
RZH10670;289662FG0
RZH10671;289662FG0
RZH10676;289662FG0
RZH10677;289662FG0
QLC32550;289662FG0
QLC32547;289662FG0
QLC32558;289662FG0
QLC32535;289662FG0
QLC32409;289662FG0
QTS29054;289662FG0
HF400735;289662FG0
QTS14328;289676FF0
QNW02691;289676FF0
QNW26128;289676FF0
LHD3Y02541;2896930FD0
LHD4717131;289864Fe0
LHD5434034;289878FF0
LHD4717693;289972FE0
75274394669YY;289975FE0
BAAT6910;290029FH0
BAAT6880;290029FH0
JPA00633;290132FH0
LYK58781;290446FE0
QTT09719;290463FF0
WSH22338;290470FI0
JMN26527;290635FE0
LYK59709;290635FE0
JPA15074;290638Fe0
LYK57669;290640Fe0
LYK57334;290641Fe0
JPA14583;290642FE0
L873Z09331;290812FE0
GNM65131;291005FH0
LVU01158;291005FH0
75287180114BG;291027FH0
1505V103-0005;291121FF0
1068V043-0001;291121FF0
JMN37212;291121FF0
JMN36942;291121FF0
JMN37211;291121FF0
HD404819;291121FF0
RJ6A0404A274D9;291158FF0
RJ6A070A2A996;291158FF0
CFRAN03;291158FF0
QTT25565;291320FG0
QTT07696;291343FF0
70165PHH06XBT;291436FF0
QTT07730;291443FF0
W2S7727163;291563Fh0
W2N7710171;291563Fh0
QLN02800;292046FF0
BACH2491;292159FF0
QXK05774;292520FF0
BACH2493;292622FF0
LHD5128124;292650FF0
KZV01551;292864Ff0
WHR09168;292949FG0
QTS28790;292959Fg0
QXM01413;293010FG0
QTS28771;293010FG0
QTS28733;293010FG0
WHR07395;293010FG0
QTS28770;293010FG0
QXM16707;293010FG0
QXK07552;293010FG0
QXK07559;293010FG0
QXK07538;293010FG0
WHR10702;293055FG0
QNW40301;293061FG0
HRY05902;293075FC0
7528626010CLV;293388FG0
WHR07056;293637FG0
W2W6X06817;293654FG0
GPV00985;293814FF0
QTS11310;293818FF0
L8Z5Y01710;293819FF0
JMN37213;293823FF0
JWF34121;293833FG0
WGR08066;293892FF0
W2N6700307;293996FG0
QTS07504;294115Ff0
UMB02233;294228FF0
QLC32646;294243Fg0
WHR07053;294243Fg0
VM46Z07476;294249FG0
VM46Z07480;294249FG0
WHN01913;294358FG0
QTS07907;294420FF0
WJD01444;294576FG0
DRQ51225;294638FC0
WHN02655;294771FG0
QTS30971;294771FG0
QLC42214;294782FH0
WSJ18985;294782FH0
QLC42215;294782FH0
W2W7828042;294818FH0
QTT07648;294863FF0
QNL02809;294920FF0
L7L6213088;294997FF0
JMN36938;295204FF0
QTS07717;295204FF0
40635C6605561;295204FF0
70165PHH06X7D;295204FF0
70165PHH06X6F;295204FF0
70165PHH06X66;295204FF0
70165PHH06X69;295204FF0
70165PHH06X6V;295204FF0
70165PHH06XB8;295204FF0
70165PHH06X4T;295204FF0
70165PHH06XBD;295204FF0
JMN39102;295204FF0
70165PHH06X1X;295204FF0
JMN39106;295204FF0
40635C6605V0Z;295204FF0
40635C6605V66;295204FF0
40635C6605VYZ;295204FF0
40635C6605V1P;295204FF0
40635C6605552;295204FF0
451457HH2MMFW;295204FF0
451457HH2MMG4;295204FF0
45145PHH2PH72;295204FF0
451457HH2MMGX;295204FF0
45145PHH2PH77;295204FF0
45145PHH2PH74;295204FF0
45145PHH2PH73;295204FF0
70165PHH06X4W;295204FF0
70165PHH06X5B;295204FF0
70165PHH06X71;295204FF0
70165PHH06X6X;295204FF0
70165PHH06XD3;295204FF0
70165PHH06X2B;295204FF0
70165PHH06X26;295204FF0
74635C6602CR3;295204FF0
GNM11407;295481FF0
MXDA015531;295481FF0
L873Z10105;295514FH0
V7F7409983;295514FH0
W2W7827717;295514FH0
WHN02163;295519FG0
W317502152;295551FG0
GPV66664;295568FG0
GPV00883;295568FG0
HWH02935;295688FF0
LHD5740135;295877FF0
45146PHH34Y12;295975FG0
45146PHH34Y16;295975FG0
45146PHH32T7H;295975FG0
45146PHH34Y0Y;295975FG0
45146PHH34Y0Z;295975FG0
RME07639;296055FF0
QXM08689;296055FF0
QXM08685;296055FF0
NMY15821;296055FF0
QNW23646;296055FF0
WGR14053;296055FF0
QTS30101;296060FG0
W2W6Y06949;296066FG0
V936X02684;296169FG0
WHR10024;296366FG0
GNM59081;296476FF0
7528626010CRB;296616FG0
7528626010CNR;296619FG0
DFK31943;296758FB0
L462A-XL0-GME2-36P7-9A;296773FC0
RFGNRK-ZGTBVM-VJPNMV-KDJWXL;296773FC0
RMF00928;296782FF0
GNM16447;296823FF0
QNW23666;296838FF0
JWF34125;297030FG0
WHJ03013;297091FG0
LYK01594;297093FC0
FQY31872;297162FG0
QTS13686;297236FF0
JMC01345;297296FI0
QTT12280;297448FF0
BAHN7729;297480FI0
QNW33028;297632FG0
NUZ2300435;297672FG0
LYK03030;297682FC0
2FL11054;297758FI0
W2W6X06600;297867FG0
W2W6X06838;297867FG0
W2W6X06805;297923FG0
LYB01905;298042FC0
QTS30239;298214FG0
QTS30243;298214FG0
QTT28325;298226FG0
V1Q6X46370;298241FG0
UVV00871;298242FG0
V1Q6X46362;298328FG0
HRX00627;298482FG0
XMH04881;298906FH0
70166PHH0BBPN;298906FH0
70166PHH0BBPF;298906FH0
70166PHH0BBPB;298906FH0
70166PHH0BBPH;298906FH0
70167PHH0BRKC;298906FH0
70167PHH0BRW8;298906FH0
XMH04737;299176FH0
W2W6Y06941;299237FG0
W2W6600816;299237FG0
W2N6Y02169;299237FG0
W2W6Y07056;299237FG0
W2S6Y06309;299237FG0
XVF11616;299675FI0
70166PHH0BC49;299818FG0
V936Y03681;299818FG0
70166PHH0BC4K;299818FG0
70166PHH0BC66;299818FG0
70166PHH0BBYF;299818FG0
W2W6X06597;299821Fg0
W2W6X06906;299948FG0
DCF45524;300227FA0
XMH11074;300525FH0
WHR22068;300906FH0
W2W6X06845;300993FG0
QNV06845;301000FG0
XMH01491;301418FH0
WKL01881;301946FG0
W2W6X06829;301980FG0
QNW41398;302007FG0
QLC33377;302013FG0
GPV64107;302457FH0
WHR17151;302576FG0
W2S6Y06987;302797FG0
V936801405;302833FG0
V936Y03573;302833FG0
W2N6700271;302833FG0
W2W6X06910;303203Fg0
JWF02655;303486FG0
W2S7726752;303553FH0
JWF02490;303660Fg0
WHR10626;303662FG0
QTS25744;303670Fg0
WHJ01466;303863FG0
WHJ03347;303863FG0
L7Q4704287;304005FH0
W2J7808513;304005FH0
JWF92570;304072FI0
QTS30030;304086Fg0
W2W6X06909;304543FG0
QTS29056;305187FG0
7528632010HY5;305686FG0
WHN03165;306802FG0
QTS29440;306802FG0
WSG00738;306806FG0
W2J7808347;306976FH0
WSH21230;307693FI0
XME03810;308638FH0
XME03483;308638FH0
XMH07788;308638FH0
2AJ01705;308638FH0
NLRA002058;308638FH0
DCF76150;311105FA0
NL86KGCF2C;311254FI0
QXM01350;311277FI0
NERA008181;312958FH0
JWF19873;315033FH0
W2W7827742;316854FH0
JWF37760;318080FH0
N691101172;320468FB0
W2W7828002;320709FH0
XMH11128;322659FH0
WSG12127;322659FH0
2AG01788;322659FH0
XMH11066;322659FH0
XME05515;322659FH0
QLN05541;322659FH0
XME05760;322659FH0
XMF03094;322659FH0
XMH07382;322659FH0
2AG01702;322659FH0
WSG12106;322659FH0
XMH07542;322659FH0
XMH10911;322659FH0
2AG01697;322659FH0
XMH11257;322659FH0
WSG12107;322659FH0
XMF01762;322659FH0
NGRA015732;322659FH0
NGRA015653;322659FH0
NGRA016472;322659FH0
NGRA015726;322659FH0
NGRA015644;322659FH0
NGRA015890;322659FH0
NGRA015647;322659FH0
NGRA015693;322659FH0
XTV15397;323169FI0
W2W7622634;324111FH0
7528626010CPV;324784FH0
XMH10952;324788FH0
V7F7X12324;324788FH0
W357Y04833;324929FH0
XMH11337;325426FH0
45147PHH483V7;325426FH0
FT477738;325426FH0
L509A-X00-FZP2-2RQ0-45;325426FH0
XMH05880;325426FH0
45147PHH48BR4;325426FH0
2AJ02727;325733FH0
WSH14943;326604FH0
V937Y13505;327589FH0
W2W7827986;327982FH0
VNN7Z07517;328204FH0
VNN7Z07512;328204FH0
XVD02618;329110FH0
WJD11583;330068FH0
QLC43597;330068FH0
PHNVL1C0QW;330068FH0
PHNVL1C0QX;330068FH0
PHBLKCXGRY;330068FH0
WSJ19815;330149FH0
XEY1X01586;350789FB0
FAK25939;357733FB0
FAK03367;378494FA0
W2W6802628;A0A54238
WSH18394;A1A00751
XMH10617;A1A03546
UMX06979;A1A05109
WSJ19986;A1A05109
W2W7622157;A1A09637
W2W7828122;A1A10557
CN798GY02Q;A1A10568
W2W7827804;A1A11960
WSJ19978;A1A16514
W2W7827961;A1A16673
XME05625;A1A17413
XME05761;A1A22155
XME05755;A1A22155
WSJ20177;A1A22155
XMH11035;a1a22952
2AH00543;a1a22952
JWF37764;A1A25291
XME05767;A1A26432
W2W7828074;A1A26925
W317X02839;A1A27426
V937X11714;A1A27426
W2W7828013;A1A27426
WSG12110;A1A27439
XVF04278;A1A27444
W2W7622129;A1A27489
W2S7726647;A1A27871
XVF01206;A1A29416
XVF01085;A1A29416
WSH22219;A1A29769
JWF69404;A1A40671
W2E7Y04328;A1A45655
WSJ19985;A1A49909
W2W7827711;A1A51475
QXM05724;A1A51968
W2N7710351;A1A51968
JMN12585;A1A53285
HD400179;A1A53288
CN79FGY0CJ;A1A53288
2AG02889;A1A53620
WSJ19994;A1A55495
W2N7710268;A1A56713
WSH22230;A1A56813
W2N7710364;A1A57583
W2W8240114;A1A57584
XMH10742;A1A58824
W2W8239680;A1A60106
W2W7622499;A1A62559
W2W7622123;A1A62814
WSJ19911;A1A64090
40637D6606DM8;A1A64090
40637D6606DMF;A1A64090
40637D6606DMN;A1A64090
WSJ19964;A1A64090
WSJ19867;A1A64090
WSJ19976;A1A64090
WSJ20147;A1A64090
XME05752;A1A67553
XMH10738;A1A67553
NGRA023458;A1A67553
NGRA023737;A1A67553
NGRA023742;A1A67553
NGRA023731;A1A67553
NGRA023745;A1A67553
NGRA023743;A1A67553
WSH22226;A1A68777
752875201221B;A1A68791
UMY06319;A1A71028
XMF03454;A1A71769
XMH11581;A1A75698
W2W7622552;A1A77836
W317Z03043;A1A79428
W2S7726633;A1A79428
W2W6Y06938;A1A82456
WSJ20174;A1A85698
WSH22365;A1A88701
WSJ19872;A1A89692
QTT03005;A1A92495
W2S7726656;A1A94263
W2S7726611;A1A94263
CN79FGY0NB;A1A94536
WSH22359;A1B03871
PHNVL5608W;A1B05378
PHNVL5608N;A1B05378
PHNVL56087;A1B05378
PHNVL5608R;A1B05378
PHNVL5608Y;A1B05378
CN821BK0RQ;A1B05378
NLBVL4J1CN;A1B05378
NLBVL4J1CS;A1B05378
NLBVL4J1C3;A1B05378
CNB8K9V007;A1B05378
NLBVL4J1CR;A1B05378
NLBVL4J18H;A1B05378
NLBVL4J1B1;A1B05378
CNB8K9T0K2;A1B05389
W2W8240108;A1B07917
W2J7Z11947;A1B08031
W2N7Z18413;A1B08036
W2W8240105;A1B08213
VM48277636;A1B08213
W2N8120236;A1B08419
W2N7Z18587;A1B08419
W2N8120228;A1B08419
VNN8309067;A1B08419
WSH22490;A1B08741
70167PHH0DZWC;A1B10674
WSH22272;A1B11406
XTW09313;A1B21339
CN7C8HY03P;A1B21339
CN7C8HY044;A1B21339
CN7C8HY03T;A1B21339
CN859HY0J2;A1B21339
PHBVL4J0Y1;A1B21339
JPA00779;A1B22849
JWF07570;A1B22849
HD411840;A1B22950
HD411842;A1B22950
HD411843;A1B22950
HD411844;A1B22950
HD411845;A1B22950
HD411846;A1B22950
HD411851;A1B22950
HD411847;A1B22950
HD411902;A1B22950
HD411900;A1B22950
HD411904;A1B22950
HD411905;A1B22950
HD411906;A1B22950
HD411907;A1B22950
HD411908;A1B22950
HD411909;A1B22950
HD411910;A1B22950
HD453314;A1B22950
HD453316;A1B22950
HD453321;A1B22950
HD453322;A1B22950
HD453327;A1B22950
HD453328;A1B22950
HD453329;A1B22950
HD453330;A1B22950
L8B4X03566;A1B23973
XVF11604;A1B24727
W2W8240083;A1B27408
W2W8240091;A1B27491
2FL08255;A1B27709
XVB01437;A1B27709
WSJ19873;A1B28824
CN79FGY0NH;A1B30716
JPMVL3D0FX;A1B30716
JPMVL3M0Q3;A1B30716
CN859HY0NM;A1B36029
CN859HY039;A1B36029
CN85FHY0CM;A1B36029
R4T8400154;A1B36130
R4T8400155;A1B36130
R4T8400161;A1B36130
R4Z8400067;A1B36130
R4T8400159;A1B36130
R4Z8400060;A1B36130
W2N7Z18600;A1B36130
W2W8240068;A1B36130
R4Z8400063;A1B36130
WSJ19962;A1B36197
JWF49721;A1B36210
XTU07489;A1B36222
WSH22302;A1B38028
XMF03450;A1B38028
XMH10741;A1B38028
2FL08353;A1B38028
WSH22317;A1B38028
XMH10603;A1B41184
WSH22321;A1B41361
NMY00685;A1B42082
JMN24903;A1B42082
NL82LFCF1F;A1B43610
W2W6X06825;A1B43610
W2N7Z18573;A1B45147
W2S7726721;A1B45147
NLBVL4J19V;A1B46559
2FL13653;A1B50977
XTV15410;A1B50977
XTV15407;A1B50977
W2S7314430;A1B54081
W2S7314893;A1B54081
W2W8239589;A1B54081
WGR33650;A1B54670
JWF77190;A1B54670
JWF92577;A1B54670
XVC05786;A1B55244
JMN27234;A1B55577
JWF12445;A1B55998
WSH22245;A1B56449
W2W8240063;A1B60870
SMF05136;A1B61128
SMF05175;A1B61128
XMH11088;A1B61128
XMH11104;A1B61128
RML93463;A1B61128
RML93411;A1B61128
UMY06321;A1B61128
WSH22277;A1B61405
L8B4X03576;A1B62652
W2W8240073;A1B65477
XMH10716;A1B65702
W2N7Z18521;A1B65860
CN877HY0PX;A1B69582
PFBE47EZPS;A1B70745
PFBE47EZPS-1;A1B70745
PFBE47EZPS-2;A1B70745
XMH11094;A1B71171
XTW09316;A1B71597
WSJ19852;A1B71599
XMH11228;A1B71603
QLC50175;A1B74555
CN79FGY0NM;A1B78669
2FL14861;A1B81521
WSH21113;A1B81709
WGR05676;A1B82732
JWF39082;A1B82745
JWF34124;A1B82785
JWF45141;A1B82797
CN877HY0TS;A1B83696
NL86JGCF1Y;A1B85756
WSH21263;A1B86719
JWF71151;A1B90312
W2W8239321;A1B90331
WSH22364;A1B92294
XTW12995;A1B93827
XTW12992;A1B94104
XTW12996;A1B97148
XXF01212;A1B97917
WSH22314;A1B97917
CN877HY0TR;A1C00985
W2W8240111;A1C01451
XVF17278;A1C03209
XTW08969;A1C12503
CN859HY0FZ;A1C13165
XVF17254;A1C19294
XTU11708;A1C22270
XVF17106;A1C23052
HUX12422;ac1511600
SUJ01279;ac1511600
LYE23173;AD3923600
JWF49640;ae2902600
LHD4209014;AE3831600
L8B4602727;AE5963600
HMA04879;AE6369600
JWF72396;AG8782600
QHY00629;AG8782600
451445HH1VFT3;AG8782600
451445HH1VGLG;AG8782600
BAAC0563;AG8782600
L8K4906415;AH0468600
LHD4717124;AH0468600
701643HH02TZX;AH0468600
701644HH03PNV;AH0468600
701644HH03R0R;AH0468600
701644HH03PMH;AH0468600
701644HH03PH5;AH0468600
GW400540;AH0468600
701643HH02V3B;AH0468600
701643HH02V0G;AH0468600
701632HH02H8G;AH0468600
701643HH02V07;AH0468600
LHD4717138;AH0468600
LHD4717606;AH0468600
LHD4717144;AH0468600
038228434-4582D522-84C28433-45;AH0468600
451444HH1P4X7;AH0468600
451444HH1P1FX;AH6696600
451444HH1P1DM;AH6696600
451444HH1P4WY;AH6696600
451444HH1P4WP;AH6696600
701643HH02V2Y;AH8255600
JWF71116;AK5691600
451445HH1VGLV;AK5691600
701644HH03R5T;ak8852600
701644HH03R52;AK8852600
7526389441R1Z;AL1691600
LWE04447;AL4200600
JMN25593;AL4200600
AAPW1701;AL4200600
LHD4819551;al4420
7526479440NKF;AM12861600
GNM50697;AM9340600
LHD4819411;an6837600
L875230226;AO1073600
QXM07574;AP1797600
QLN02308;AP1797600
QXM07572;AP1797600
QLN02309;AP1797600
QXM07581;AP1797600
QXM07577;AP1797600
QXM07573;AP1797600
JMC13658;AP1797600
JMC13652;AP1797600
LHD5128714;AR6846600
WGR11788;AR7115600
LHD5740544;AV4664600
LHD5129653;AV7077600
LHD5129726;av7454600
70165PHH06X56;az0923600
QNW24349;az0923600
WGR14827;AZ3022600
QTF05977;AZ3031600
JMN36897;AZ3031600
QNU08582;AZ3031600
QTS07884;BB8489600
L876552465;BK2010600
LHD6151118;BK6066600
QTS28808;bl4411600
W2S6700709;BM4642600
W2W6Y06952;BO0678600
W2W6Y06958;BO0678600
W2W6Y06983;BO0678600
CANJO341;BO0678600
MTX04717;BO4575600
QTS30242;BO4575600
QTT26652;BO4575600
W2N6700278;BQ3437600
DFK04652;BU1967600
HRY05761;BU1967600
JWF49028;BU1967600
QXL02824;BU1967600
NMY12786;BU1967600
VCN7704603;BX3330
V977X14992;BX3330
V937710102;BX3330
V977X14991;BX3330
W357X04449;BX3330
W357X04451;BX3330
W357804057;BX3330
W2N7710346;BX3330
W2N7710347;BX3330
V937911195;BX3330
V937811043;BX3330
V937811044;BX3330
W2W7827599;BX3330
W2N7710131;BX3330
W2E7803173;BX3330
W2S7726639;BZ1573
W2W7622540;BZ6206
W2W7827751;BZ8830
W2W7827712;BZ8853
W2W7827703;CA3571
BAHN0192;CA3571
W317X02802;CA4937
W2S7727014;CA4937
XMH11231;CA5646
QLC43333;CA5646
WSJ19886;CA6976
WSJ18994;CA8648
SMF04897;CA9643
XMH07450;CA9643
L509A-X00-0HN2-VP3F-AU;CA9643
L509A-X00-BJ99-PVGK-YJ;CA9643
L509A-X00-T1B0-CQ1Q-BD;CA9643
L509A-X00-ZZ42-PUPZ-WN;CA9643
HF403429;CA9643
GY466683;CA9643
GY467820;CA9643
2AJ05736;CA9959
WSH22233;CA9959
WHR16187;CA9959
W2S7726746;CA9962
NUZ2300474;CB1576
JWF23122;CB2040
2FL01181;CB2344
RZR26308;CB4887
RZR26301;CB4887
W2W7828029;CB5442
WSJ18267;CB5909
VA47X00487;CB6435
WSJ19979;CB6527
XMH10607;CB6527
GW453233;CB6527
GW451384;CB6527
WSJ19841;CB8230
W2W7622584;CB8924
FT478303;CB8924
WSJ19893;CB9104
WSJ19877;CB9291
XMF03457;CB9659
XMH10619;CC0325
UMX07851;CC0325
2AJ03733;CC0325
W2W7828086;CC1227
2AJ05398;CC2585
WSJ19982;CC2910
JWF69468;CC3384600
7528733011KM9;CC3581
2AJ04240;CC8291
NGKA009622;CC8741
GW453651;CC8741
LSN7Z51630;CD1828
AAMB1252;cd8975
XMH11424;CE1677
WSJ19896;CE1677
XMH11584;CE1677
WSJ19887;CE1677
WSJ19972;CE1677
XTW04319;CE1677
XTU02403;CE1677
JWF05591;CE4068
CN79MGY09W;CE4719
CN79MGY08Z;CE4719
CN85EHY01N;CE4719
W2W7827533;CE4823
WSJ19990;CE7131
NMY02077;CF0661
NMY03823;CF0661
WSJ19966;CF0661
WSJ19961;CF0661
QHU02243;CF1416
BAHN3063;CF2193
5028802012B46;CF5147
W2W8239904;CF7782
2FL08303;CF7911
WSH21110;CF8156
W2W8240110;CF9959
W2W8239319;CG0892
2FL06217;CG3355
LSJ5917827;CG3919
W2S7726487;CG3919
WNN8309166;CG3919
LBG8311381;CG3919
JWF02435;CG4868
XXU00586;CG6347
XME05728;CG6347
XVD01795;CG6347
XWK01155;CG6347
XWK01609;CG6347
XMF03466;CG6347
XWK01605;CG6347
QLC45838;CG6347
CLEP001;CG6347
SMF05142;CG6347
XVD01786;CG6347
XVD01794;CG6347
XTU05168;CG6347
XTU05859;CG6347
W2J7Z11928;CG8535
WSH22209;CG9767
7018822000ZXP;CH6413
4600823006K4P;CH6413
4600823006KRC;CH6413
46008170039NK;CH6413
W2W8240074;CK1559
JPA04459;CL3989
JWF49643;CL8845
JWF83982;CM2865
2FL14124;CM3867
2FL11175;CM3867
XVF11801;CN1463
W2W8239595;CN7517
XTV15404;CO5615
W2W6600744;CO5937
CN879HY00D;CO6907
XTV15406;CP0010
W2N7Z18568;CP5878
XTU11693;CP7618
XTU11694;CP7618
CN88EHY0BG;CQ1321
CN888HY03D;CQ2159
VAQ8100622;GG8535
AAFX8847;L48158-205643000-002
94F8YD7;L48158-205643000-002
79G3DMZ;L67066-205643000-001
75620294015DV;L67066-205643000-001
GNY10784;M17157-205643000-001
NUZ3109986;M31911-205643000-001
L7Q3700612;M31911-205643000-001
L7Q3700609;M31911-205643000-001
QZK3527746;M31911-205643000-001
QZK3527755;M31911-205643000-001
QZK3527748;M31911-205643000-001
QZK3527753;M31911-205643000-001
NUZ2300479;M56522-205643000-002
NUZ3109893;M61490-205643000-001
NUZ3109892;M61494-205643000-001
NUZ3109761;M61495-205643000-001
NUZ2200078;M61500-205643000-002
701631HH00VNT;M69041-205643000-001
701631HH00VNB;M69041-205643000-001
79G52Z1;M73429-205643000-001
LYE19078;M77867-205643000-001
QHV01101;M81953-205643000-001
HRY11093;M83869-205643000-001
JWF33155;M83869-205643000-001
JWF37743;M88941-205643000-001
NZJ13193;M92779-205643000-002
AAJD0241;M98345-205643000-003
DCF20588;P01636-205643000-002
EDZ00541;P02119-205643000-001
L8F3801045;p24393-205643-000-001
N2K2403134;P25374-205643000-001
HMA02785;S0177363
TQJ00681;T0044971
N441800949;T0197083
GNM76245;T0224594
DHM12498;T0229453
KWT05794;U0012022
GNY59730;U0031421
7959HL6;U0070693
Q8F0500243;U0099362
GPV62769;U0119571
N292502295;U0126271
FAK33997;U0129088
MTX13491;U0130095
GPV66670;U0130095
GNY62793;U0130095
GNY62892;U0130095
FAK33595;U0132277
GPV67854;U0133396
FAK36237;U0149384
FAK33599;U0167478
FQY37031;U0170975
NUZ2703381;U0171543
MWM21732;U0179181
GPV69209;U0188526
GNY62893;U0188526
GPV69204;U0188526
NUZ2200063;U0194203
GNM97983;U0196799
DJU10176;U0197830
HGY08131;U0197830
NNP2712428;U0207573
HRX02500;U0209001
FAK37616;U0215716
FAK38327;U0220267
HRW01781;U0222423
HRY04946;U0225533
JPA00916;U0230558
JWF01648;U0236575
JWF06730;U0238649
LYK03035;U0245552
MNZ12524;U0248359
MNZ17114;U0248359
JPA01624;U0249973
GNY01889;U0251233
HRY06311;U0252188
HRW02299;V0003390
JWF12405;V0007938
JWF02897;V0007953
AEN08851;V0008014
DRQ50962;V0008030
HGY09702;V0009418
JWF01300;V0009593
HRY05158;V0009900
KWT10409;V0025437
JWF02866;V0033083
HGY09658;V0033553
NUZ2X06636;V0041270
JWF12869;V0041384
HRY05878;V0041384
2348V517-0001;V0041499
2348V517-0002;V0041499
2348V517-0003;V0041499
LYE01328;V0042774
JWF06953;V0049246
NZU13727;V0054569
701631HH00ZGM;V0058579
DCF36296;V0059298
35PD07T;V0061270
NUZ3109773;V0061736
701631HH00F2K;V0062343
701631HH00WRW;V0062343
701631HH00WN0;V0062343
LYB02190;V0064771
JPA02840;V0068013
701531HH028B6;V0083903
AAGR0061;V0087477
MWY08851;V0100241
LYE09111;V0100257
LYK06036;V0100447
DQY19342;V0100447
JPA03806;V0105302
AAKC0698;V0107428
NMR01565;V0107428
JMN07100;V0107428
NMH01666;V0115621
JWF23123;V0130939
JWF23021;V0130939
HRX05615;V0130939
HRX05604;V0130939
JMN05963;V0145256
JWF22520;V0147862
JWF22519;V0147862
LYB02187;V0148374
7526479440NMZ;V0154967
AAGR1575;V0155624
LYK04781;V0157844
LYK02739;V0157844
JWF38902;V0164829
7526479440NX4;V0164848
NUZ3109951;V0165295
HRY08819;V0166852
NZT03744;V0167132
HRW03903;V0174239
NZU15256;V0183067
JWF38544;V0184051
701631HH00VPG;V0184051
DRQ00693;V0185631
JWF10331;V0187910
406336990B3YY;V0187946
MNZ24565;V0194459
DFK36584;V0201702
DFK36676;V0201702
EZU10097;V0201702
PGA81580;V0206793
LHD3800111;V0212484
LYK13821;V0214560
JWF38549;V0216369
EDZ00809;V0241603
JWF37731;V0241603
DCF28908;V0245734
JWF22748;V0245734
JWF37019;W0002061
LYE21346;W0006501
QHU00876;W0017849
AAGR2278;W0018522
Z935B1CD70000X;W0027234
NZU28589;W0034330
DRQ46792;W0036203
JWF40778;W0036203
JMN14960;W0036203
QHU00886;W0036470
QHU00941;W0036626
QHU00719;W0036697
QHU00816;W0037024
QHU00817;W0037024
QHU00946;W0037024
QHU00721;W0037024
QHU00879;W0039719
QHU00878;W0039719
LYE17886;W0039719
Z933B1CD200036;W0043506
NZJ11237;W0043555
JWF49856;W0050925
NMY04273;W0053713
JWF41579;W0055064
JWF41788;W0055064
GNM56067;W0058573
GNM55220;W0058573
DFK29518;W0058573
DFK29393;W0058573
DFK29394;W0058573
JMN14954;W0058573
QHW01082;W0058573
QHU02445;W0058573
QHU02442;W0058573
JWF40657;W0058573
QHU02132;W0058573
DCF08857;W0059458
QHU02453;W0059808
QXM00969;W0063191
HK684008A6266;W0066715
GNM35053;W0074675
NZJ14551;W0081545
JWF49902;W0081758
Z935B1CD70000W;W0082136
QHU02446;W0083497
Z933B1CCC0001N;W0084024
Z933B1DD300042;W0084024
Z935B1CD70000Q;W0084024
Z935B1CD700004;W0087036
LYK22890;W0093081
NMY11431;W0093107
JMC07389;W0107681
LYK22468;W0108148
CRE17500;W0110794
JWF49890;W0110794
JWF49888;W0110794
JMC07764;W0110794
JWF49894;W0110794
JWF49898;W0110794
JWF49897;W0110794
JWF49893;W0110794
JPA10653;W0114029
JWF34101;W0114804
JWF34088;W0114804
JWF34193;W0114934
JWF34195;W0114934
JWF34188;W0114934
JWF34203;W0114934
JWF34109;W0115218
JWF34102;W0115218
JWF34100;W0115279
JWF34185;W0115342
JWF34110;W0115461
JWF48845;W0119388
JMC09795;W0119392
JWF54128;W0122032
LYK22889;W0122487
GQP01525;W0125785
FQ410638;W0125785
CZC42319G0;W0125785
LYE52244;W0127210
LYK22169;W0127237
LHD4209102;W0131451
GNY50456;W0133222
LYK22879;W0134498
JWF44927;W0134604
JWF62848;w0141816
MXDA015534;W0141962
QNW00753;W0141962
L8F4605755;w0142127
LYK22212;W0143183
DRQ33600;W0144531
GNM71232;W0144720
JWF54992;W0144720
JMC09331;W0144720
JWF54934;W0152996
QXK01461;W0152996
DRQ54510;W0152996
LYK22140;W0153015
0001-AAUTO006;W0153022
0002-ASCAA001;W0153022
0003-AGRAN015;W0153022
JWF54998;W0153027
QXL01957;W0153027
QXL02016;W0153080
JWF68780;W0153085
QNU00619;W0153106
AANA1308;W0154040
LHD4717612;W0154774
7526339441N2X;W0156033
LHD4208854;W0159006
JWF69134;W0159879
JMN25551;W0166019
LYK59460;W0166019
LYK59653;W0166019
L874718191;W0171001
L874718452;W0171014
L874921812;W0174715
L873Z10709;W0174723
LYK22162;W0174733
LHD4209151;W0175903
MNZ00194;W0177275
CRE12847;W0177275
KWT02294;W0177275
QXL03006;W0177275
QXL03010;W0177275
QXL02983;W0177275
QXM04587;W0177275
GNM71330;W0177275
DFJ01196;W0177275
FAK01383;W0177275
LYK22141;W0177459
JWF64191;W0178538
GW400183;W0178538
L509-X00-V7P9-GG6Q-7E;W0178538
GW400495;W0178538
GW400548;W0178538
L509A-X00-H5V3-VN66-3C;W0178538
JWF63910;W0178539
JWF68837;W0178539
QXM00573;W0178539
QXM00537;W0178539
Z935B1CD700006;W0178634
LHD5129372;w0179424
LYE55959;W0180819
L874921701;W0185051
HFSML9NRDT82SURXF7UN;W0186898
GQQ30019;W0187832
75623594749DF;w0188736
701643HH02V46;W0191442
LYE55905;W0191551
LYE55812;W0191551
LYE55983;W0191551
LYE55902;W0191551
NMH10138;W0191551
JWF68785;W0191551
JWF68784;W0191551
JWF68846;W0191551
LYE55482;W0191551
LYE55460;W0191551
JWF49646;W0192351
LYK22172;W0192605
7527029463T8P;W0193235
7527029463W5H;W0193235
LYE56330;W0193658
JWF69410;W0194704
701643HH02VBM;W0195494
JWF71250;w0196207
JMN26377;W0196387
701644HH03R6L;W0198164
QNW07744;W0198164
LHD4716960;W0198989
LTN01936;W0200184
LYB05217;W0203340
MWY08746;W0205822
JMN22921;W0205822
LYK53315;W0207474
GNY12483;W0209230
JWF77435;W0210357
JWF77359;W0210357
JWF77418;W0210357
JWF77431;W0210357
JWF77434;W0210357
LYB52338;W0210522
LYB52346;W0210522
JMC11912;W0210522
PGA81560;W0210522
FT434220;W0210522
FW434664;W0210522
LYB52312;W0210522
JWF72257;W0211094
ABF03231;W0211815
LHD4819410;W0211815
GNY01759;W0211889
JWF72400;W0213376
GNY50904;W0213701
JPA14437;W0213701
JWF77450;W0213802
JWF72389;W0214066
JWF72368;W0214691
LHD4717649;W0215732
QNW01085;w0216256
LHD4717692;W0219581
LHD4717452;W0219714
LCA4Y08498;W0219714
752728946590D;W0220044
JWF72264;W0220205
QXM05446;W0220205
QXM05447;W0220205
QFP00771;w0221555
LYK58679;W0221745
7526389441R11;W0222200
0003D9BE;W0222488
L8F4606132;W0227344
L8F4606138;w0229199
LHD4717470;W0229365
GX407784;W0231370
GX407783;W0231370
FX401148;W0231370
DJR06009;X0000474
Z92BB1CF600062T;X0001591
QLC12080;X0001898
JMN26510;X0002056
QXM06069;X0002056
QXM06008;X0002056
LHD4819347;x0005131
LYK58721;X0005212
LYK56614;X0005212
LYK59464;X0005212
JPA16992;x0006513
NMH10889;x0006513
QXM06796;x0006513
LYK60713;X0006666
JWF77442;X0006666
701645HH04VHY;X0006666
LYK22156;X0006672
Z92BB1CF80006HP;X0007416
JWF77433;x0010914
L875129453;X0010930
701656HH05WB;x00114509
JWF77406;X0014977
GW400453;X0014977
QNW07195;x0015513
QXL04063;X0017254
QNW12019;X0017802
JMN27258;X0017926
JWF72363;X0018719
JWF77340;X0019296
701645HH04K1D;x0019427
LYK58636;X0019731
LCA5110417;X0021733
451445HH20PCH;X0021733
701545HH0M2FH;X0021733
701645HH04G9L;X0021733
QJK0Z31999;X0021839
LYK58661;x0023720
JPA14590;x0027466
UMB00627;X0027547
NMY13609;X0027547
NMY13591;X0027547
JWF85771;X0027547
JWF69478;X0028615
JWF81500;X0032961
JWF71154;X0033474
DRQ07499;X0033645
LHD4819408;X0033970
LHD4311034;X0034017
JWF69408;X0034031
JWF87765;X0034130
JWF72254;X0034344
LYK60793;x0036216
LHD4209017;X0036383
LYK59953;X0036684
LHD4717759;x0037398
V1Q5122850;x0037398
JWF77401;X0038258
L8F4706898;x0039890
LCA4Z10018;X0039890
LCA4Z10019;X0039890
JMC13916;X0040166
BABH0793;x0040843
LYE59161;X0040985
LYK59497;X0041296
DGJ19994;X0046721
JWF72309;x0047412
DRQ23809;x0049337
LYK60708;x0052189
GNY12495;X0053280
GEH00654;X0059546
GEH00643;X0059546
NMR02140;X0059546
NMR02142;X0059546
QXK04456;X0059546
QXK04453;X0059546
JWF89573;X0060350
QNW14883;X0060372
L875230104;x0061241
L509A-X00-18T0-PTZC-4W;X0063220
JWF72311;X0064502
LHD5129683;x0064690
JWF71148;X0066473
QXJ01291;X0066473
40634C6601WBW;X0067716
40634C660023L;X0067716
LHD4717542;x0068778
L7Q5206531;X0070613
L7Q5306614;X0070613
L7L5109655;X0070667
L8K5409406;X0073194
HFQ20082;X0073499
LYE63130;X0074101
LYE63237;x0075909
JWF90637;x0075909
LYE54248;X0077269
JPA16555;X0082712
JWF72342;X0085590
L7L5410959;X0086322
5026069424DH2;X0086720
451455HH25VPB;X0086720
451455HH26TP1;X0086720
451455HH26TNP;X0086720
QTS01700;X0086994
JWF69405;X0089276
QXL05644;X0090354
JWF95149;X0090607
LHD5229843;X0092318
LCA5110555;X0092318
JWF77436;X0092403
DRQ08908;X0092764
LYK22242;X0092764
JWF94885;X0093252
NMR01730;X0098732
NMR01716;X0098732
JMC15080;X0098732
JMC14988;X0098732
JMC06290;X0098732
UMB01582;X0098763
LTN02316;X0098763
UMB01643;X0098763
UKZ01075;X0098763
WGR02260;X0098763
35PC641;X0099461
LHD5229761;X0099461
JMN30419;X0099654
Z92DB1CF70001NM;X0100139
UMB02063;X0103837
JMN35568;X0103837
QTT07698;X0103837
QXL06195;x0105682
JWF99010;x0105682
L875229765;X0105880
LYK60706;X0105908
LYK60795;X0107471
GNY30436;X0110819
FRV81702;X0111609
LYE01324;X0111609
NMY02370;X0111609
JWF41847;X0111609
JWF94787;X0111609
QNW16278;X0111609
LHD4208939;x0112527
JPA18142;X0113185
BAAT1654;X0113446
QXL06538;X0115185
JWF72407;X0116444
QTT00734;X0117036
JWF72297;X0117618
NMY14826;x0117835
QXM09984;x0117835
70165PHH06X7P;x0117835
451456HH291L5;x0117835
FAK00566;X0118512
LHD6252152;X0118521
JMN32497;X0122250
JMC16086;X0125040
JMC16083;X0125040
L7L5411067;X0126839
L7L5411223;X0126839
QTT05080;x0128183
L8Z4Y01202;X0128264
GNM58419;x0128509
GPV55455;X0128743
QTT01718;X0128781
QLC18135;X0128781
LCA5110434;x0128805
GNM74369;X0129201
75274394669W3;X0129251
WGR04700;X0130097
GQP11362;X0130588
BAAT1732;X0131012
L8F4606301;X0131063
L7L5410923;X0131063
L835900992;X0131095
GNM69234;X0131165
QNW17295;x0131298
GNM51245;X0131874
GNM57367;x0132607
LCA5110411;x0133373
WGR02134;x0134427
QTS06226;X0135722
JPA18634;x0135765
701657HH0643D;X0137599
QXM09465;X0137599
L7L5411302;X0142503
GG409173;X0144050
WGR02934;X0145314
330808720;X0145314
QXM09989;X0145647
QTS04786;X0145934
LHD5129426;X0147776
LCA5613552;X0152996
QNW00802;X0153694
QTT05514;X0153705
GNM16371;X0153776
75272894657ZB;X0153776
QTS06210;X0154160
75272894658WF;X0154764
WGR04605;x0154841
JPA00773;X0154908
LHD5129573;X0154941
L8B5Z08026;X0155485
QTS06023;x0156386
GNY11426;X0157218
QTT08295;X0159138
GPV50151;X0159450
GPV54229;X0159450
LFA01617;X0159716
GNY10560;X0159755
GNY12770;X0159755
GNY14315;X0159755
GNY59781;X0159755
GNY00851;X0159755
GNY13485;X0159755
QNW21310;X0159755
JMN33741;X0159755
QTS06235;x0160496
QTT05120;x0160496
QTS06262;x0160496
QTS06180;X0161452
GNM64736;x0162208
JMN33719;X0162458
QTT05299;X0162608
QTF03473;x0163363
L7U5X22062;X0163373
QTS02241;X0163377
L875229710;X0166796
QLX07274;X0167037
75260794425PK;X0169725
QTT05128;X0170046
RJ6A040A274A6;X0170946
RJ6A070A2A413;x0170948
WGR05277;X0170957
75260994425W1;X0171869
74635C6602HXK;X0173939
QTT06225;X0173947
DFK29924;X0174599
HUX10253;X0174599
QNW22347;X0174599
WGR07669;X0175467
L7Q5908125;x0175617
JMN33945;x0175763
WGR07337;X0177217
LHD5229768;x0177568
QTT01419;x0177901
QLN03078;X0178580
BABH0789;X0179201
WGR06212;x0179887
WGR08610;X0183057
JPA21440;x0184381
JPA21442;x0184381
QXK05367;X0184381
QTS09032;X0184944
JMN35566;x0189589
NMY15547;X0189589
NMY15515;x0189589
QXK05179;X0189589
QLN02901;x0189589
CNOTA01(1);X0189589
CNOTA01(2);X0189589
CNOTA01(3);x0189589
CNOTA01(4);x0189589
CNOTA01(5);x0189589
QTT08822;X0190814
GNM64789;X0192245
QTT08403;X0193202
JMN35118;x0193846
JPA20925;x0193858
UKZ01209;x0193865
WGR07558;x0194409
QXL07232;x0194409
QTT08829;x0195801
JPA21088;X0197414
QTT08509;X0197708
HRY08260;X0198199
QTT01396;X0199089
LHD5434123;X0199687
WGR08535;X0201202
RZR03675;X0201202
QXM11129;X0201202
JMN41123;X0202649
QTS10082;X0202889
LHD5129686;X0203027
RMF00794;X0205146
L7L5911718;X0205153
LHD5434031;X0205153
WGR08400;x0206063
QXL07573;x0206063
QXM08753;x0206063
QXL07580;x0206063
QXL07578;x0206063
QXM08650;X0206075
QXK05408;x0206317
QTT08828;x0209270
QXL07583;X0210941
JWF96434;X0210941
MUR02508;X0210941
75260794425PF;X0213819
GW419405;X0214156
QTS11135;X0214156
QTS07631;X0214918
WGR08366;X0215110
BAAT3142;X0215206
QNW25049;x0215864
QNW23643;X0215869
QTS07541;X0217096
JPA21461;X0217167
QTS11198;X0217167
QTS11202;X0217167
QXL07574;X0217167
JMC18486;X0219330
QTF06236;x0219960
GNX10166;x0220875
QXL07590;x0220922
L875128702;X0222351
GNY59005;Y0002903
QNW25986;Y0005039
QTS11245;Y0005111
L8K6114978;Y0006208
LCA6320490;Y0006208
LCA6320394;Y0006208
LCA6320491;Y0006208
LS66320769;Y0006208
L7U6424293;Y0006208
L7U6424300;Y0006208
LSA5Y24199;Y0006208
LSA5Y24202;Y0006208
L8K6115055;Y0006208
L8K6115074;Y0006208
LCA6320465;Y0006208
L7U6424302;Y0006208
L8K6115099;Y0006208
LCA6320396;Y0006208
LCA6320367;Y0006208
LCA6320395;Y0006208
LCA6320397;Y0006208
L7U6424289;Y0006208
L8K6115029;Y0006208
L8K6115010;Y0006208
LS66320774;Y0006208
LCA6320366;Y0006208
LS66320767;Y0006208
LHD4717691;y0007134
QTS11555;Y0007176
WGR04522;Y0009389
FAK03323;Y0010565
FQQ82775;Y0010565
JPA22209;Y0010565
LSE5X07128;y0011147
FQY40248;Y0011276
L8F6117164;Y0011763
QTT10998;Y0012123
QTS12184;Y0012150
GNM56005;Y0012829
QTF06618;Y0012882
QTS07705;Y0012887
LHD5434054;Y0013190
QXM12097;Y0015986
L8B5Y07745;y0017962
QTS07852;Y0018501
QNU08911;Y0018707
QNW26087;y0019065
QTT10858;y0021680
QTS02330;Y0022165
WGR25077;y0024173
45145PHH2PHC4;Y0024183
45145PHH2RWZ1;Y0024183
KZV00551;Y0024804
LHD6252138;Y0025461
LHD5740573;y0025472
WGR05757;Y0025991
QTT10852;Y0026397
JPA23998;Y0026923
LHD5434145;y0027994
QTS08187;Y0029357
LHD5740460;Y0031145
LHD6252378;Y0031185
LYE09287;Y0034386
QTT13066;Y0036170
L8F6117161;y0036699
QTT12882;Y0038237
BACH4370;Y0038670
GNM68220;y0038791
QTS08195;Y0039311
L8Z6101920;Y0039373
L8F6117259;Y0039373
LHD5434120;Y0039805
QTS19379;y0041669
QXM13555;y0041669
QXL08889;y0041669
QTS19368;y0041669
QXL08825;y0041669
QXL08861;y0041669
QXM13485;y0041669
WGR23065;y0041669
QXM13508;y0041669
QXM13510;y0041669
QTF10421;y0041669
QLC27158;y0041669
QTS19385;y0041669
QXM13553;y0041669
QXM13550;y0041669
QLC27186;y0041669
JPA23813;y0041669
JPA23814;y0041669
JPA23876;y0041669
QXM13507;y0041669
QTS19382;y0041669
QTS19380;y0041669
QXL08975;y0041669
QXL08885;y0041669
QXL08891;y0041669
QXM13526;y0041669
QXM13525;y0041669
QXM13557;y0041669
JPA23905;y0041669
QXM13509;y0041669
QTS19375;y0041669
JPA23808;y0041669
QLC27237;y0041669
QTF10396;y0041669
QXM13506;y0041669
QLC27139;y0041669
SMF00574;Y0043159
QTS11242;Y0044166
QNW28445;Y0046526
QTS17054;Y0048788
L876350138;Y0050441
GNM76394;Y0051634
DFK17812;Y0051963
QNW27435;Y0052283
L876351589;y0054931
LCA5X16829;y0054931
LCA5X16830;y0054931
L876351851;y0054933
LCA6421506;y0054933
L873Z10841;y0054934
WGR20280;y0056753
BACH5405;Y0056946
WGR21968;Y0056951
JMN39449;Y0057927
QTF08425;Y0057927
QNU09125;Y0057927
QNW27406;Y0057927
QNW27572;Y0057927
QNW27529;Y0057927
QNW27563;Y0057927
QLC26335;Y0057927
QNW28129;Y0057927
QNU09138;Y0057927
QNU09134;Y0057927
QNU09127;Y0057927
QTT13617;Y0058348
QTT14155;Y0058348
JMN39989;Y0058384
QLC25979;Y0058384
QTS11217;Y0060520
QXM12491;Y0061602
QTT14183;Y0062250
WGR17640;y0062673
LHD6251998;Y0063239
L876350198;Y0063420
L7L6213060;Y0063420
QNU10077;Y0065128
UMB02927;Y0065873
WGR29086;y0065958
WGR22171;Y0066895
WGR20840;Y0066895
WGR20815;Y0066895
WGR21324;Y0066895
QTT15333;Y0066895
QTT15378;Y0066895
WGR22116;Y0066895
WGR17641;Y0066895
QTT15377;Y0066895
WGR22139;Y0066895
WGR22501;Y0066895
QTT14482;Y0066895
N2K1Z01956;Y0067477
HKE53381;Y0068135
QTS07864;Y0068168
QNW31936;Y0068168
AAREP001;Y0068168
LHD6252373;Y0068434
LHD3800585;Y0068434
V6A6403214;Y0068443
QTF10356;Y0069189
QTF10521;Y0069189
QTS22657;Y0070227
ETF01071;Y0070856
LCA5X16828;Y0071050
LCA5X16826;Y0071050
W2N6700280;Y0071264
BACR9825;Y0071264
LHD6151066;Y0071513
L8K6215219;Y0072024
V7F6503825;Y0072024
LHD6252010;Y0072757
GNM55242;Y0072816
LHD5740610;Y0073074
LHD6252139;Y0073309
L876552419;Y0073750
LWC4706354;Y0073792
L8F5Z16690;Y0073792
LSE6308602;Y0073792
LHD6252132;Y0073792
WGR30787;Y0074178
QNW30614;Y0074462
AAEN9052;Y0075789
QNW31553;Y0075789
QTT22929;Y0077371
WGR25103;y0077815
70165PHH073XG;Y0079117
7526389442NYT;Y0079446
LHD5740550;Y0079655
FAK28871;Y0080099
QXL08914;Y0080350
AAMB0920;y0080354
WGR25075;Y0080942
QLC27280;Y0080942
QTS20272;Y0080942
SMQ00557;Y0080942
SMQ00561;Y0080942
QTS20241;Y0080942
QXM13577;Y0080942
SMF00999;Y0080942
QTS20237;Y0080942
QXL08544;Y0080942
SMF01150;Y0080942
SMF01105;Y0080942
LCA5X16825;Y0081076
LHD5740476;Y0081076
QTT16104;Y0081304
QNU09448;Y0081304
L8B6208665;Y0081465
QLC13796;Y0082091
L876351275;Y0083231
TYS00973;Y0083278
RZR07222;Y0083278
QNW31883;y0084478
QTS08111;y0085180
70165PHH072G6;y0086422
RMF01523;Y0086545
QTT17531;Y0087504
QTT16354;Y0087515
LHD6150843;y0087517
QTT16343;y0087642
QZK2X24753;Y0088225
LHD6252025;Y0088427
JWF01386;Y0089310
QTF10518;Y0091018
LCA6421817;Y0091018
LHD6151213;Y0092001
QNW32425;y0092409
QTF10491;y0094117
BACH6361;y0094252
QTT17544;y0094623
LCA5X16838;y0095874
HUX12906;Y0095893
JMN41224;Y0096217
QLC27320;Y0096217
QLC27348;Y0096217
QLC27350;Y0096217
QLC27351;Y0096217
SMF01131;Y0096217
JPA22751;Y0096222
WGR23985;Y0096222
WGR23974;Y0096222
WGR23972;Y0096222
QLC27317;Y0096222
QLC27318;Y0096222
QXM13579;Y0096231
WGR23968;Y0096236
WGR23976;Y0096240
FAK22735;Y0096929
WGR25069;Y0097064
SMF01004;Y0098380
VLW6900110;Y0098812
VLW6900112;Y0098812
VLW6900115;Y0098812
VLW6X00613;Y0098812
VLW6X00626;Y0098812
GNY51327;Y0098824
JMC05775;Y0098824
QHW00740;Y0098824
WHR05888;Y0098824
QLC29761;Y0098824
QLC29847;Y0098824
LCA6421893;Y0098898
QTF11697;Y0102009
MXE11897;Y0102718
WGR25100;Y0102718
QXK06246;Y0102718
LHD5740576;Y0104772
LHD6252128;Y0104970
UML00874;Y0105295
QTT17540;Y0105892
WGR25110;Y0106814
LHD6252401;y0107001
QNW33008;Y0107831
L8F5Z16580;Y0108463
DGJ11837;Y0108501
QXM13395;Y0108673
JPA24104;Y0108673
WGR25094;Y0108673
QXM13692;Y0108673
QXM13788;Y0108673
JPA24398;Y0108673
JMC21698;Y0108673
UMB03107;Y0108976
W2S6Y06134;Y0109952
JPA24071;Y0109998
QNW33068;Y011114
QTT19713;Y011114
QTS25104;Y0112254
QTS25114;Y0112254
QTS25115;Y0112254
QTS25107;Y0112254
QTS25106;Y0112254
QTS25111;Y0112254
QTS25108;Y0112254
QTS25102;Y0112254
QTS25103;Y0112254
QTS25105;Y0112254
QTS25100;Y0112254
QTS25109;Y0112254
QTS24514;Y0112254
WGR34052;Y0112254
QLC28802;Y0112254
QLC28818;Y0112254
QLC28815;Y0112254
QLC28816;Y0112254
QXM14957;Y0112254
QXM14964;Y0112254
QXM14962;Y0112254
QXM14963;Y0112254
QXM14956;Y0112254
40636C660477B;Y0112254
40636C6604779;Y0112254
40636C66047DY;Y0112254
40636C66047DX;Y0112254
40636C66047DW;Y0112254
40636C66047F2;Y0112254
40636C66047D2;Y0112254
40636C66047F0;Y0112254
40636C6601VXW;Y0112254
40636C6601VY3;Y0112254
40636C6601VY0;Y0112254
40636C6601VXL;Y0112254
40636C6601VVT;Y0112254
40636C6601VWG;Y0112254
40636C6601W5X;Y0112254
40636C6601VW8;Y0112254
40636C6601W2X;Y0112254
40636C6601W06;Y0112254
40636C6601W37;Y0112254
40636C6601W2T;Y0112254
40636C6601VY4;Y0112254
40636C6601VYB;Y0112254
40636C6601VXH;Y0112254
40636C6601VXB;Y0112254
40636C6601VY6;Y0112254
40636C6601VY1;Y0112254
40636C6601VXD;Y0112254
40636C6601VY2;Y0112254
40636C6601VXM;Y0112254
40636C6601W31;Y0112254
40636C6601VXX;Y0112254
40636C6601W30;Y0112254
40636C6601W32;Y0112254
40636C6601W2Y;Y0112254
40636C6601VX9;Y0112254
40636C6601VZ7;Y0112254
40636C6601VZG;Y0112254
40636C6601VYZ;Y0112254
40636C6601VZ6;Y0112254
40636C6601VXV;Y0112254
QTT18306;Y0112572
QTT18309;Y0112572
QTT15672;Y0112772
L7L6213049;Y0112984
L7L6513659;Y0112984
WGR15530;Y0114531
FAK03810;Y0116348
WHJ00894;Y0116751
WGR34208;Y0116751
QNW35194;Y0116751
QXL10044;Y0118181
RZH06499;Y0119309
JPA23816;Y0119309
UMB02926;Y0119309
UMB02928;Y0119309
RZH06431;Y0119309
RZH06495;Y0119309
WGR31672;Y0119469
WGR22977;Y0119469
QLC30742;Y0119469
QLC30849;Y0119469
QLC30743;Y0119469
RZR09704;Y0119469
WGR32955;Y0119469
QXL10276;Y0119469
QLC30790;Y0119469
QLC30664;Y0119469
QLC30793;Y0119469
QLC28787;y0121197
MXDA171426;y0121197
RZR10257;y0121197
MXDA171430;y0121197
RZR10300;y0121197
RZR10209;y0121197
451430LM07RNP;y0121401
HTC11232;y0121401
451430LM07RHL;y0121401
451430LM07RNN;y0121401
QTF12758;Y0121401
QTS23362;y0121401
L509A-X00-8JN0-FY9K-ZY;y0121401
LYK08425;Y0121680
L8K6115004;Y0121917
WGR32859;Y0121953
WGR33053;Y0121953
WGR33054;Y0121953
WGR33092;Y0121953
WGR33147;Y0121953
WGR33149;Y0121953
WGR33155;Y0121953
WGR33156;Y0121953
WGR33159;Y0121953
WGR33161;Y0121953
WGR32504;Y0121953
QLC30527;Y0121953
QLC30553;Y0121953
QLC30556;Y0121953
QLC30557;Y0121953
QLC30558;Y0121953
QLC30559;Y0121953
QLC30466;Y0121953
QNW35649;Y0121953
QNW35659;Y0121953
MXDA163867;Y0121953
MXDA163901;Y0121953
MXDA163905;Y0121953
MXDA163907;Y0121953
MXDA163910;Y0121953
MXDA163908;Y0121953
40636C66056F8;Y0121953
BADF00381;y0124698
70166PHH08F13;Y0126386
QXK06480;Y0126418
QTS22660;Y0126791
L7L6213014;Y0127736
L7L6213045;Y0127736
WGR25105;Y0127754
WGR33496;y0128323
WGR33495;y0128323
WGR33401;y0128323
QLC30497;y0128323
RZR09586;Y0129992
WGR32410;Y0133082
L8F5Z16157;Y0134923
QTS23421;Y0135535
GNM70847;Y0136383
WGR34916;Y0136383
TYS01242;Y0136383
GQP58754;Y0136880
SMQ00897;Y0136880
WHL01108;Y0136880
JPA25678;Y0136884
LHD6556215;y0138525
GNM87739*;Y0138935
70166PHH08F09A;Y0141493
RMF00882;Y0143985
WHL04870;Y0144586
QTS29456;Y0144586
QTF16974;Y0144586
QTS29407;Y0144586
QTS29451;Y0144586
QTF17021;Y0144586
QTF17018;Y0144586
RML54646;Y0144586
QTS29448;Y0144586
RML54628;Y0144586
QTS29444;Y0144586
RML54619;Y0144586
WHL04871;Y0144586
RNV45457;Y0144586
RMV05439;Y0144586
RMV04246;Y0144586
752717946CPW4K;Y0145451
L876552480;y0145789
LHD6252417;Y0145811
GNY10785;Y0145848
NMY03294;Y0145848
LHD6556274;Y0146701
QTT01265;Y0147069
JWF37025;Y0147786
GNM91858;Y0149421
LWE01385;Y0150919
WHL05449;Y0152883
WGR31278;Y0153203
QNW36010;Y0155914
QTF14416;Y0156365
QTF14448;Y0156365
WHN00821;Y0156365
GNY52760;Y0158431
WHR01753;Y0161264
W2N6700297;Y0161506
45146PHH32TX0;Y0163226
WHR08103;Y0164137
70166PHH0B4ZT;Y0164137
70166PHH0B506;Y0164137
70166PHH0B4ZZ;Y0164137
WHR06981;Y0164485
WHR01462;Y0169184
RME14057;Y0169291
QTS26908;y0169619
GNM54370;Y0170498
L876552517;Y0171164
W2S6700538;Y0173241
QTF17858;Y0173243
W2W6X06824;Y0176056
NZT03286;Y0176201
SMZ00970;Y0176201
WHR07162;Y0176201
QXM16724;Y0176201
MXDA170269;Y0176201
QTT24403;Y0176622
WHR04335;Y0177961
LHD6252063;Y0177972
VLW6X00634;Y0177972
V1N6X57646;Y0178254
QLC29634;y0178258
L876552148;Y0178497
WHR05575;Y0179532
W2W6802639;Y0179535
HKE51664;Y0181156
RZR16067;Y0183681
RZH11296;Y0183681
QTS30244;Y0183681
QTS30241;Y0183681
QTF18157;Y0183681
WHL05572;Y0183681
W2W6904045;Y0185242
GNY12230;Y0185292
WHL03766;Y0186168
QNW40107;Y0186168
WHL04855;y0186342
QTT26241;Y0187219
LSJ6728698;y0187451
QTS30039;y0189152
W2W6802641;y0189208
BAFK0613;Y0189366
WHL03576;Y0190176
QXM16684;Y0190176
QTS28303;Y0191981
WHR06240;y0192947
GPV64316;Y0193600
W2W6600596;Y0194652
LHD6556334;Y0194722
497002729;Y0194730
QTS28532;Y0194925
WHR06221;Y0195434
WHR17510;Y0196430
75286210107WX;Y0197314
QTS25656;Y0197447
70156PLM15CHP;Y0199376
JMN02514;Y0199429
WHR09349;Y0200017
L462A-XL0-P3V1-C9T3-VZ;Y0200017
7528626010CNP;Y0203913
W2S6Y06701;y0204832
QTT27222;Y0205588
94F7FK2;Y0206030
LBG6X08972;Y0206730
WHN02565;y0207669
W2W6X06894;Y0210416
QTF17111;y0211373
7528632010HYD;Y0213130
QTS30247;Y0213394
1505V103-0003;Y0215633
WHL05948;Y0215633
QXM17047;Y0215633
QLC35205;Y0215633
QLC33094;Y0215633
QLC33091;Y0215633
FT468989;Y0215633
QXL11145;Y0216114
W2N6Y02189;Y0216140
WHR10566;Y0217850
W316Z01106;y0219247
W2N6Z04366;Y0219548
W2N6Z04361;Y0219548
W2W6X06711;Y0222328
W2W6Y06995;Y0222632
WHR14043;Y0223179
WHR10721;Y0223375
QTS30240;Y0223375
WHR17133;Z0000032
SMQ01334;Z0000730
SMQ01335;Z0000730
SMQ01341;Z0000730
SMQ01343;Z0000730
WHR11752;Z0000730
QXM17383;Z0000730
W2W6Y07045;z0002223
W2E6Y01527;Z0003418
W2J7104096;Z0003418
W2W7114503;Z0003418
2V09-1586-QXSQ-GQ75;Z0003418
BLBU-PTHL-CJNL-8BD6;Z0003418
WHR14752;z0005606
WHR10718;z0005940
W2W6X06898;Z0006235
W2W6Y06969;Z0007014
V7C6704350;Z0007399
WHN02773;Z0007506
WSJ01774;z0007507
W2N6700298;z0007952
W2W6802694;z0007952
70167PHHQBMKZ;z0007952
L509A-X00-1W42-HA3V-HU;z0007952
L509A-X00-AZ32-JAVG-VP;z0007952
W2N6Y02012;Z0009318
QTF17638;Z0009851
QTS30255;Z0009851
PFBE47EZPSYNSAVZGRP4;z0011313
WSG00562;Z0011769
SMQ01498;Z0012693
WHR17125;Z0012693
W2S6Y07078;Z0013342
70166PHH0B4ZB;z0013456
WHR15301;Z0014192
QTS30271;Z0014778
W2W6Y06970;Z0014999
W2J6Z03130;Z0015729
JPA06226;z0015741
WHR14042;Z0015898
7528632010K2V;Z0016422
QTS25747;Z0016482
W2W6X06851;Z0016892
JMN00828;Z0018109
QTS25751;Z0019407
7528632010K2R;Z0020703
QTS25722;z0022440
W2W7113557;Z0023687
WHR18442;z0023853
W2W6Y06944;Z0023985
JMN15889;Z0026193
WHR17568;Z0027199
WHR17115;z0028699
W2E6800399;Z0030207
WSH01825;z0030302
QTS25723;z0031409
JMC03797;Z0031565
WHR18215;Z0031767
7528626010CNY;Z0032827
JWF06954;Z0032840
WKL03267;Z0035824
QTS25709;z0044273
WHR18157;Z0045528
W2S6Y06170;Z0045528
W357102019;Z0045528
W317101629;Z0045528
W2E6Y01510;Z0045528
WHR06023;Z0045567
W2W6802616;Z0046255
WHR00985;Z0046419
WSJ03563;Z0048293
WSJ02666;Z0050506
W2N6700284;z0052183
QXL00929;Z0053577
WSJ07672;z0053937
WHR18208;Z0060002
WSJ07945;z0060004
WFQ00690;Z0060072
45147PHH3R0VV;Z0061534
WSH06051;Z0062576
JMN11830;z0064177
WSJ06697;z0064394
W2N6Y01876;z0064560
VNN7403481;z0064560
JPA12120;z0066336
RZH04075;Z0067242
BAAC3143;Z0067242
WHR18997;z0069064
L509A-K99-BF0D-RQAU-XU;z0069064
L509A-K99-BF0D-RQAU-XU-1;z0069064
L509A-K99-BF0D-RQAU-XU-2;z0069064
L509A-K99-BF0D-RQAU-XU-3;z0069064
L509A-K99-BF0D-RQAU-XU-4;z0069064
WSJ09115;z0073849
W2W6X05228;Z0074262
WHN04484;z0076086
WHR24295;Z0076360
WHR20588;Z0076545
W2W6Y07001;z0076775
74636C6602G4H;z0077338
74636C6602G4Y;z0077338
70166PHH09F8Y;z0077338
7528702010WW1;z0077338
7528702010WW8;z0077338
7528702010WY3;z0077338
7528652010W7F;z0077338
70166PHH09FF5;z0077338
7421013056009;z0077338
7558103653465;z0077338
7528702010WZZ;z0077338
70166PHH09FDZ;z0077338
7528702010WXY;z0077338
74636C6602G5F;Z0077338
70166PHH09FDY;z0077338
70166PHH0BC2Z;z0077338
70166PHH09VLK;z0077338
70166PHH09VL1;z0077338
70166PHH09FDT;z0077338
70166PHH09FCH;z0077338
70166PHH09FHH;z0077338
7528702010WWK;z0077338
70166PHH0B501;z0077338
JWF43343;Z0079366
GNM70676;z0079561
LCA4705957;z0079561
WSG06272;z0081877
W2W6X06667;Z0081890
W2S6Y06176;Z0081890
V937306903;Z0081890
W317101446;Z0081890
WHR24158;z0082048
7528626010CR1;Z0082216
WSG03624;Z0082432
40637C6600LYT;Z0082432
WHR23850;z0083283
WHR20167;z0084040
WSH07409;z0084040
MXDA180392;z0084040
JWF07406;Z0084816
7528626010CVT;Z0084861
WSJ14216;z0085007
W2S6Y06005;Z0087428
W2E6Y01372;Z0087428
W356Y01111;Z0087428
V936X02782;Z0087428
V976X01307;Z0087428
W356Y01207;Z0087428
V936X02781;Z0087428
HRY10546;z0087607
WSH07857;Z0087659
L462A-XL0-1MT2-G12E-A8;Z0087659
L462A-XL0-WJC9-3WRV-AK;Z0087659
WHL11844;Z0087659
UMY02290;Z0087659
LBC7244062;Z0089137
JWF36943;Z0091947
WHR23527;z0093494
QLC38028;z0093494
QLC38177;z0093494
QLC38184;z0093494
QLC38215;z0093494
QLC38744;z0093494
QLC38748;z0093494
QLC38753;z0093494
70167PHH0BTTR;z0094489
W2N6Z02823;z0095706
CN75KGY065;z0095709
LFA00885;Z0098558
GW442639;z0099814
GQP30108;Z0101159
WHL12117;z0102525
BAAT6258;z0103323
W2W6Y06935;Z0104534
7528626010CM1;Z0105199
UMZ01264;z0110200
W2N6Z04130;Z0113532
QLC35230;z0114094
WHL12129;Z0114137
NGRA007422;z0115837
SMF03898;z0115837
WHR24384;z0115837
QLC39876;z0115837
WKB03898;z0116270
HRY09910;Z0116343
JPA05735;Z0117804
W2W7114412;Z0119156
W2W7114244;Z0119156
QLC35191;z0119623
UMZ01647;z0119623
WSH12349;z0119623
AB-9WEJ-UZFL-16HX;Z0119624
AB-9WQA-BJ7E-1XIU;Z0119624
AB-UPGW-1E54-XN87;Z0119624
AB-YT87-2W3A-JC4B;Z0119624
W2N7710282;z0120041
W2W6600763;Z0124589
W2W7113674;Z0126445
LSN7535831;Z0128531
WSH12377;z0131073
WSG08224;z0131073
JWF12425;Z0132678
W2W7114410;z0135841
CN76JGY021;Z0137138
XMH02004;Z0147680
XMH02056;Z0147680
WSJ06945;Z0147680
WSJ07694;z0149050
WJD10785;z0153737
HF400120;Z0154588
W2W7114406;Z0154588
LSJ7837289;Z0154588
V937810925;Z0155634
XMH02935;Z0156249
GNM80020;Z0164018
W2S7726726;Z0165269
W2S7727209;Z0165269
W2W7114391;z0168397
WSJ18981;Z0173331
70167PHH0BM25;Z0174468
WSG09237;Z0179819
W2W7622135;Z0182460
W2W7622167;Z0182460
JWF38807;Z0187135
XMH09934;Z0194044
JWF39612;Z0196638
WSG10720;Z0196638
