siren;reference contrat;date debut;montant;durée;terme;echeance;loyer intercalaire;reste;montant prestation;Périodicité;incident de paiement;reloc;assurance;matricule;entité;affichage;raison sociale;leaser;ref leaser;montant fin client
219104692;22828;14/02/2018;5 871.14;66;1;317.30;0;1.00;0.00;TRIMESTRE;NON;NON;0;V937307117;18;0;COMMUNE D'ORMOY LA RIVIERE;bnp;A1A04487;6209.66
775708183;21577;01/01/2018;26 863.49;63;1;1485.75;0;1.00;0.00;TRIMESTRE;NON;NON;114.27;S9024000060;18;0;ASS POUR INSERTION EDUCATION ET SOINS;bnp;A1A05014;28426.36
813438140;22941;01/04/2018;974.36;63;1;57.20;0;1.00;133.69;TRIMESTRE;NON;NON;0;7528738011NKW;18;0;SELFAIR;bnp;A1A08842;1095.27
309332682;22857;01/04/2018;7 420.71;63;1;416.00;0;1.00;37.49;TRIMESTRE;NON;NON;0;W2W7Y33415;18;0;MILTIADE SA;bnp;A1A10824;7959.84
434193421;23091;01/04/2018;12 526.42;63;1;699.00;0;1.00;0.00;TRIMESTRE;NON;NON;0;JWF35639;18;0;A.D.COM;bnp;A1A14050;13374.22
219106549;23104;14/01/2018;4 552.93;63;1;261.00;0;1.00;0.00;TRIMESTRE;NON;NON;0;W2W7X32474;18;0;MAIRIE DE VIDELLES;bnp;A1A14287;4898.10
702041914;23326;01/04/2018;6 698.45;48;1;480.00;0;1.00;0.00;TRIMESTRE;NON;NON;28.79;V6E5802038;18;0;HALLES PARIS SUD;bnp;A1A22515;7160.65
520218538;23460;01/04/2018;5 055.13;36;1;469.00;0;1.00;0.00;TRIMESTRE;NON;NON;0;LHD6252112;18;0;ORCHESTRA AGENCEMENTS;bnp;A1A28230;5345.87
219104635;23037;22/03/2018;10 272.96;66;1;555.00;0;1.00;0.00;TRIMESTRE;NON;NON;0;W2W7Y33413;18;0;COMMUNE DE ONCY SUR ECOLE;bnp;A1A28432;10860.85
481860872;11848;01/04/2018;5 176.68;63;1;293.10;0;1.00;0.00;TRIMESTRE;NON;NON;22.55;WSJ14157;18;0;ISABELLE JAMIN ARCHITECTE;bnp;A1A28706;5608.51
309662005;23581;01/04/2018;17 111.12;63;1;937.00;0;1.08;0.00;TRIMESTRE;NON;NON;72.07;2AG02580;18;0;VAL EQUIPEMENT;bnp;A1A33340;17927.64
784622797;19687;01/04/2018;15 065.83;63;1;825.00;0;1.00;0.00;TRIMESTRE;NON;NON;63.46;W2W7Y33424;18;0;ASSOC DEVELOPPEMENT TECHNIQUES;bnp;A1A37761;15784.85
432162865;23501;01/07/2018;7 146.65;66;1;385.20;0;1.00;0.00;TRIMESTRE;NON;NON;30.9;XVF00772;18;0;AGENCE DU MARCHE;bnp;A1A38845;7686.24
493086656;23974;01/05/2018;6 139.23;66;1;330.90;0;1.00;405.54;TRIMESTRE;NON;NON;26.54;XTU01609;18;0;LES FORMATIONS D'ISSOUDUN;bnp;A1A48593;6602.86
793143819;24100;01/07/2018;10 985.25;63;1;613.00;0;1.00;387.00;TRIMESTRE;NON;NON;0;C717R911787;18;0;STOLL FRANCE;bnp;A1A53509;11728.86
752790543;24195;01/04/2018;6 833.65;63;1;383.09;0;1.00;509.92;TRIMESTRE;NON;NON;0;W2W7Z36134;18;0;OFFICE MUNICIPAL D'ANIMATION DE LA CITE;bnp;A1A57313;7330.21
484675475;20033;01/04/2018;15 248.45;63;1;835.00;0;1.00;0.00;TRIMESTRE;NON;NON;0;VLW7X70698;18;0;SNEPS CFTC;bnp;A1A58023;15976.17
407500974;24295;01/04/2018;50 321.53;66;1;2565.89;0;1.03;1 924.95;TRIMESTRE;NON;NON;0;14939;18;0;VIRYDIS;bnp;A1A60335;51535.00
834633596;24321;01/04/2018;4 090.99;66;1;225.00;0;1.00;0.00;TRIMESTRE;NON;NON;0;W2W7Z35084;18;0;DUPLEIX PRESSE;bnp;A1A61206;4490.00
342429412;24362;01/04/2018;3 972.08;63;1;227.00;0;1.00;268.32;TRIMESTRE;NON;NON;0;VLW7Y78821;18;0;BOOMERANG;bnp;A1A62722;4343.89
800601429;25162;01/07/2018;7 235.71;66;1;390.00;0;1.01;0.00;TRIMESTRE;NON;NON;0;E155M532826;18;0;AGENCE FOCH IMMOBILIER;bnp;A1A96950;7782.00
279400071;25200;01/07/2018;69 807.47;42;1;5386.34;0;1.00;6 271.66;TRIMESTRE;NON;NON;0;LSN5Z14117;18;0;OPALY;bnp;A1A98510;70394.02
421567280;25246;01/07/2018;10 357.64;36;1;943.68;0;1.00;368.91;TRIMESTRE;NON;NON;43.88;XVF05294;18;0;ASS REGION INSERTION ECONOMIQUE SOCIALE;bnp;A1B02748;10755.52
451829147;23365;01/07/2018;6 930.00;66;1;377.27;0;1.00;0.00;TRIMESTRE;NON;NON;30.71;VLW7Z82412;18;0;DPJS CONSEILS;bnp;A1B07303;7528.02
398251975;24267;01/07/2018;7 011.03;66;1;377.89;0;1.00;314.61;TRIMESTRE;NON;NON;0;XTV07874;18;0;TDM SERVICES;bnp;A1B13233;7540.39
404857922;21269;01/07/2018;51 283.33;63;1;2754.00;0;1.00;0.00;TRIMESTRE;NON;NON;0;VLW7Z83353;18;0;LE BOURDONNEC CARIMALO PERROT-GAULON;bnp;A1B14256;53024.99
305008476;25506;01/07/2018;1 846.07;21;1;287.00;0;1.00;0.00;TRIMESTRE;NON;NON;15;LSN8357596;18;0;SOCIETE RENOUEST;bnp;A1B14937;1953.98
835291279;25608;01/07/2018;9 051.78;63;1;504.27;0;1.00;231.91;TRIMESTRE;NON;NON;39.37;W2S7929857;18;0;GRAPHENE AVOCATS;bnp;A1B16292;9648.63
309552891;25736;01/07/2018;2 887.57;63;1;165.02;0;1.00;67.66;TRIMESTRE;NON;NON;0;LSN8356232;18;0;TRANSPORTS MAROLLEAU;bnp;A1B23938;3158.08
432377158;25789;01/07/2018;14 698.73;63;1;812.09;0;1.00;621.91;TRIMESTRE;NON;NON;63.4;W2S8441046;18;0;COBIF;bnp;A1B26549;15538.06
784408791;25252;01/10/2018;110 899.12;36;1;9888.87;0;1.00;6 322.53;TRIMESTRE;NON;NON;463.86;W2S8542546;18;0;FEDERATION DES SERVICES CFDT;bnp;A1B26604;113691.13
411950546;25768;01/07/2018;7 098.23;66;1;382.59;0;1.00;149.91;TRIMESTRE;NON;NON;31.15;C718R411086;18;0;PRM PEINTURE REVETEMENT MODERNE;bnp;A1B34468;7634.16
402348080;26088;01/10/2018;26 343.13;36;1;2388.00;0;1.09;0.00;TRIMESTRE;NON;NON;111.04;W2J8516272;18;0;OPCA TRANSPORTS;bnp;A1B39640;27215.61
423438084;26329;01/10/2018;13 220.72;63;1;730.44;0;1.00;0.00;TRIMESTRE;NON;NON;57.71;W2W8647818;18;0;MSD 3D-ILE-DE-FRANCE;bnp;A1B51785;14144.46
785423849;25633;01/10/2018;73 360.82;63;1;3900.59;0;1.00;3 395.41;TRIMESTRE;NON;NON;0;5028813012K4P;18;0;MAISON SANTE PROTESTANTE;bnp;A1B57422;75993.14
378129613;26621;01/10/2018;11 277.18;63;1;629.29;0;1.00;231.71;TRIMESTRE;NON;NON;49.13;W2W8545332;18;0;LA MANUFACTURE DEVIALET;bnp;A1B65967;12040.52
390549780;26836;01/10/2018;34 252.28;63;1;1839.00;0;1.00;0.00;TRIMESTRE;NON;NON;0;16990;18;0;SODICO EXPANSION;bnp;A1B80024;35694.08
494004351;25569;01/10/2018;8 705.88;63;1;485.00;0;1.02;0.00;TRIMESTRE;NON;NON;0;W2S8542093;18;0;LES PARENTELES DE LA RUE BLANCHE;bnp;A1B95501;9279.96
443462338;27096;01/01/2019;3 198.42;36;1;297.00;0;1.00;0.00;TRIMESTRE;NON;NON;15;BALB0079;18;0;KOITO CZECH S.R.O;bnp;A1B95708;3408.41
333977114;27449;01/01/2019;34 103.28;63;1;1831.00;0;1.00;1 023.91;TRIMESTRE;NON;NON;0;G696M932325;18;0;CTRE INT BAGNOLET OEUVRES CHOREGRAPHIQUES;bnp;A1C14616;35538.81
391244662;27632;01/01/2019;8 276.69;63;1;461.09;0;1.00;138.91;TRIMESTRE;NON;NON;0;W2S8949333;18;0;UNION SPORTIVE MOISSY CRAMAYEL;bnp;A1C23090;8929.02
408224574;27631;01/01/2019;8 975.14;63;1;500.00;0;1.00;0.00;TRIMESTRE;NON;NON;0;C718R712345;18;0;ENTREPRISE GENERALE DE CONSTRUCTION ET RENOVATION;bnp;A1C23094;9682.45
330189812;185;01/01/2014;11 636.55;63;1;657.00;0;1.00;0.00;TRIMESTRE;NON;OUI;0;E153M833580;18;0;UNION DEPARTEM FORCE OUVRIERE;bnp;V0122295;12111.75
433503984;279;01/01/2014;5 262.38;48;1;381.00;0;1.00;0.00;TRIMESTRE;NON;OUI;18.27;NUZ3714373;18;0;SUEZ EAU INDUSTRIELLE;bnp;V0136815;5536.49
775660087;995;01/04/2014;6 740.88;63;1;388.00;0;1.00;0.00;TRIMESTRE;NON;NON;23.61;NUZ2702487;18;0;ANPAA;bnp;V0199264;7153.10
453274482;1242;01/07/2014;44 679.70;63;1;2469.00;0;1.00;0.00;TRIMESTRE;NON;NON;150.19;AACG8464;18;0;CAAHMRO GROUPE;bnp;V0220422;45513.55
219101300;1597;01/07/2014;12 257.96;63;1;699.00;0;1.00;0.00;TRIMESTRE;NON;NON;0;E153MC31466;18;0;COMMUNE DE CHALO SAINT MARS;bnp;V0247988;12633.24
799680780;1874;01/04/2014;6 254.43;63;1;360.00;0;1.00;0.00;TRIMESTRE;NON;NON;0;W793PC01975;18;0;INDYCH PATRICK GERARD;bnp;W0014040;6636.96
197713423;1962;10/04/2014;30 105.05;63;1;1680.24;0;1.00;0.00;TRIMESTRE;NON;NON;0;L7U3702812;18;0;COLLEGE FERNAND GREGH;bnp;W0021528;30366.43
775693385;2162;01/04/2014;5 746.44;63;1;330.76;0;1.00;0.00;TRIMESTRE;NON;NON;0;LHD3Y04751;18;0;LIGUE ADAPT DIMINUE PHYSIQUE AU TRAVAIL;bnp;W0037891;6097.96
482343100;2278;01/04/2014;2 210.82;63;1;133.26;0;1.01;0.00;TRIMESTRE;NON;NON;0;W3048503948;18;0;JACQUES CHRISTINE;bnp;W0040410;2468.37
326716537;2215;01/10/2014;3 532.85;60;1;216.18;0;1.00;0.00;TRIMESTRE;NON;NON;15;75260394418XC;18;0;SOCOMIX;bnp;W0043625;3820.35
775683006;2269;01/04/2014;4 844.47;63;1;285.00;0;1.00;0.00;TRIMESTRE;NON;NON;19.07;E153MC33884;18;0;FONDATION SANTE DES ETUDIANTS DE FRANCE;bnp;W0046402;5254.44
448643288;2188;24/03/2014;891.90;63;1;54.00;0;1.00;0.00;TRIMESTRE;NON;NON;0;V1S3Z06386;18;0;MAISONS ALFORT HABITAT;bnp;W0047371;976.72
314667924;2515;01/07/2014;3 786.75;63;1;225.00;0;1.00;0.00;TRIMESTRE;NON;NON;15;LHD4208966;18;0;ASS PORTUGAISE CULTURELLE SOCIALE;bnp;W0063399;4107.31
433503984;2557;26/05/2014;8 002.96;48;1;591.00;0;1.00;0.00;TRIMESTRE;NON;OUI;0;TASK4551CI;18;0;SUEZ EAU INDUSTRIELLE;bnp;W0067159;8418.06
177700010;2597;01/06/2014;7 534.13;63;1;438.00;0;1.00;0.00;TRIMESTRE;NON;NON;0;E174J100378;18;0;PREFECTURE DE SEINE ET MARNE;bnp;W0070636;7916.44
404857922;1941;01/07/2014;801.72;57;1;52.90;0;1.00;0.00;TRIMESTRE;NON;OUI;15;191113AA1;18;0;LE BOURDONNEC CARIMALO PERROT-GAULON;bnp;W0082229;887.71
489912493;2991;01/07/2014;3 008.75;63;1;177.00;0;1.00;0.00;TRIMESTRE;NON;NON;15;V1S4420666;18;0;IVANKA SARL;bnp;W0098762;3270.59
381539022;3021;01/10/2014;3 569.68;63;1;210.00;0;1.00;0.00;TRIMESTRE;NON;NON;15;LCB4108225;18;0;ASS CULTUR EGLISE REFORMEE FONTAINEBLEAU;bnp;W0100777;3880.35
750245011;3142;01/10/2014;6 537.26;63;1;376.28;0;1.00;0.00;TRIMESTRE;NON;NON;0;LHD4412635;18;0;CABINET DE L'ORANGERIE;bnp;W0108788;6952.78
478260110;2880;01/10/2014;1 585.54;63;1;96.00;0;1.00;0.00;TRIMESTRE;NON;NON;15;10394;18;0;C C 2000;bnp;W0159567;1787.39
489747212;4001;01/01/2015;5 316.28;63;1;306.01;0;1.00;0.00;TRIMESTRE;NON;NON;20.67;LHD4718835;18;0;INCENDIE SURVEILLANCE PROTECTION EUROPEENNE;bnp;W0164766;5695.42
785906413;4097;01/01/2015;4 334.60;63;1;255.00;0;1.00;0.00;TRIMESTRE;NON;NON;17.38;LHD4716992;18;0;ASS SPORTIVE DE SAINT-OUEN-L'AUMONE;bnp;W0168128;4787.63
344944848;4989;01/04/2015;2 028.82;63;1;120.00;0;1.00;0.00;TRIMESTRE;NON;NON;15;W3029204156;18;0;LE TEMPS DU CLIENT;bnp;W0205918;2244.73
338354426;4990;01/04/2015;23 605.39;63;1;1299.00;0;1.00;0.00;TRIMESTRE;NON;NON;0;LWG4X19632;18;0;CGC;bnp;W0206110;24290.67
317837367;5075;01/04/2015;11 051.58;63;1;613.80;0;1.03;0.00;TRIMESTRE;NON;NON;0;E154M631527;18;0;PREST SERVICES ENTRETIEN;bnp;W0209876;11478.22
343889309;5293;01/04/2015;5 776.76;63;1;326.44;0;1.00;0.00;TRIMESTRE;NON;NON;22.25;L8K4Y06826;18;0;OBM CONSTRUCTIONS;bnp;W0218788;6128.67
331468223;5302;01/04/2015;3 748.13;63;1;216.00;0;1.00;0.00;TRIMESTRE;NON;NON;0;V1S4Y50942;18;0;SAS PDG PLASTIQUES;bnp;W0219396;4055.54
349888131;5361;01/04/2015;7 910.19;63;1;447.00;0;1.00;0.00;TRIMESTRE;NON;NON;30.46;LSN4Z04543;18;0;FIDELIANCE;bnp;W0221635;8391.78
331457788;5398;01/04/2015;1 572.35;63;1;93.00;0;1.00;0.00;TRIMESTRE;NON;NON;15;QLG0305478;18;0;ASS GEN INTERVENANTS RETRAITES;bnp;W0222575;1746.63
412142143;5555;01/04/2015;8 825.85;60;1;519.75;0;1.00;0.00;TRIMESTRE;NON;NON;0;L8B4Y04039;18;0;BEALAS ENERGIE SERVICES;bnp;W0229191;9344.11
412142143;5556;01/04/2015;5 823.31;60;1;342.93;0;1.00;0.00;TRIMESTRE;NON;NON;0;LHD5128934;18;0;BEALAS ENERGIE SERVICES;bnp;W0229195;6165.52
388782658;5584;01/04/2015;4 560.29;66;1;253.00;0;1.00;0.00;TRIMESTRE;NON;NON;0;LHD4Y22962;18;0;FAF-APADVOR;bnp;W0230474;4948.98
498161231;5610;01/04/2015;2 156.64;63;1;127.56;0;1.00;0.00;TRIMESTRE;NON;NON;15;7526489441XWR;18;0;SARL DE LA ROCHETTE;bnp;W0231970;2395.37
431408608;5688;01/04/2015;9 823.01;48;1;701.26;0;1.00;0.00;TRIMESTRE;NON;OUI;39.29;E175M130537;18;0;POINT TRANSACTION SYSTEMS;bnp;X0002344;10311.46
510854961;5721;01/04/2015;4 164.58;63;1;240.00;0;1.00;0.00;TRIMESTRE;NON;NON;0;G174JA00028;18;0;BENZEGHIBA SABA;bnp;X0003842;4506.06
442325460;5707;01/04/2015;5 067.15;63;1;286.34;0;1.00;0.00;TRIMESTRE;NON;NON;0;LHD4Y24034;18;0;MOBICITE;bnp;X0004366;5355.09
443394739;5746;01/04/2015;8 387.98;63;1;474.00;0;1.00;0.00;TRIMESTRE;NON;NON;0;LHD4Y23158;18;0;PAPILLON RIBBON AND BOW;bnp;X0004549;8898.61
538102187;6041;01/04/2015;3 190.42;66;1;177.00;0;1.00;0.00;TRIMESTRE;NON;NON;15;LSN4Z03833;18;0;AVOCAT LOIRE CONSEIL;bnp;X0016892;3494.34
507429116;6267;01/04/2015;10 100.92;63;1;561.00;0;1.00;0.00;TRIMESTRE;NON;NON;0;E155M130255;18;0;EURO INVESTISSEMENTS;bnp;X0027078;10531.74
785050923;7044;01/05/2015;2 884.49;63;1;55.81;0;1.00;0.00;MOIS;NON;NON;0;NUZ2905021;18;0;MAISON DES JEUNES ET DE LA CULTURE;bnp;X0038218;3160.37
402348080;7407;01/07/2015;1 420.51;48;1;105.00;0;1.00;0.00;TRIMESTRE;NON;NON;0;LWC5412599;18;0;OPCA TRANSPORTS;bnp;X0072976;1554.93
402348080;7376;01/07/2015;1 420.51;48;1;105.00;0;1.00;0.00;TRIMESTRE;NON;NON;0;LWC5412504;18;0;OPCA TRANSPORTS;bnp;X0072979;1554.93
402348080;7405;01/07/2015;1 420.51;48;1;105.00;0;1.00;0.00;TRIMESTRE;NON;NON;0;LWC5312221;18;0;OPCA TRANSPORTS;bnp;X0072985;1554.93
402348080;7406;01/07/2015;1 420.51;48;1;105.00;0;1.00;0.00;TRIMESTRE;NON;NON;0;LWC5312042;18;0;OPCA TRANSPORTS;bnp;X0072989;1554.93
402348080;7404;01/07/2015;1 420.51;48;1;105.00;0;1.00;0.00;TRIMESTRE;NON;NON;0;LCW5312288;18;0;OPCA TRANSPORTS;bnp;X0073022;1554.93
402348080;7685;01/07/2015;1 420.52;48;1;105.00;0;1.00;0.00;TRIMESTRE;NON;NON;0;LWC5412476;18;0;OPCA TRANSPORTS;bnp;X0084596;1554.93
402348080;7686;01/07/2015;1 420.52;48;1;105.00;0;1.00;0.00;TRIMESTRE;NON;NON;0;LWC5412769;18;0;OPCA TRANSPORTS;bnp;X0084597;1554.93
521899229;5428;01/07/2015;3 487.85;63;1;201.00;0;1.00;0.00;TRIMESTRE;NON;NON;15;LHD4Y23096;18;0;PLOMBERIE CHAUFFAGE PARISIENNE;bnp;X0090285;3806.97
502664972;7993;01/01/2016;10 533.04;63;1;585.00;0;1.00;0.00;TRIMESTRE;NON;NON;42.21;V9314103151;18;0;ART CONSEIL IMMOBILIER;bnp;X0093734;11078.30
311371751;8085;01/10/2015;12 963.72;63;1;720.00;0;1.00;0.00;TRIMESTRE;NON;NON;51.95;V8304200201;18;0;LES FRANCAS DU VAL DE MARNE;bnp;X0097629;13634.62
345404156;8098;01/07/2015;40 095.84;48;1;2763.00;0;1.00;0.00;TRIMESTRE;NON;NON;0;L7Q5306767/5406850;18;0;TOYS  R  US;bnp;X0098286;40915.71
402348080;8196;01/07/2015;3 911.08;63;1;225.00;0;1.00;0.00;TRIMESTRE;NON;NON;0;LHD5433433;18;0;OPCA TRANSPORTS;bnp;X0102123;4261.44
483038147;8223;01/10/2015;19 189.62;63;1;1056.00;0;1.00;0.00;TRIMESTRE;NON;NON;76.19;E155M631533;18;0;JP2M IMMOBILIER;bnp;X0103664;19997.02
217703503;8368;01/11/2015;182 699.87;63;0;9703.19;0;1.00;0.00;TRIMESTRE;NON;NON;0;W673K500494;18;0;COMMUNE OZOIR LA FERRIERE;bnp;X0109070;184074.41
490671898;8465;01/01/2016;15 537.07;63;1;855.00;0;1.00;0.00;TRIMESTRE;NON;NON;61.69;E155M931685;18;0;SD ARPAJON IMMO;bnp;X0111546;16190.95
532871886;8474;01/10/2015;3 650.35;63;1;210.00;0;1.00;0.00;TRIMESTRE;NON;NON;0;LHD4Z26054;18;0;UNION SPORTIVE ENSEIGNEMENT PREMIER DEGRE ASSOCIAT;bnp;X0112373;3977.40
182800011;8547;01/07/2015;1 066.49;48;1;79.62;0;1.00;0.00;TRIMESTRE;NON;NON;0;S9349600918;18;0;CHAMBRE DE COMMERCE ET D'INDUSTRIE;bnp;X0114537;1156.21
491447348;7408;01/08/2015;2 282.42;63;1;135.00;0;1.00;0.00;TRIMESTRE;NON;NON;0;LBG5103819;18;0;SARL GUENIN PATRICK;bnp;X0115109;2557.22
389253972;5284;01/07/2015;6 016.72;63;1;340.00;0;1.00;0.00;TRIMESTRE;NON;NON;24.53;LBH4401402;18;0;SA EMISSAIRES;bnp;X0124463;6439.04
399770528;9249;01/10/2015;4 629.32;63;1;266.32;0;1.00;0.00;TRIMESTRE;NON;NON;0;E205R760716;18;0;DROULIN LAURENT DIDIER;bnp;X0144870;5043.86
309072262;9788;01/04/2016;3 323.01;39;1;288.40;0;1.00;0.00;TRIMESTRE;NON;NON;15;LHD5Z48382;18;0;CARTONNAGES DU VAL D'ORGE;bnp;X0165718;3530.43
384919106;10029;01/01/2016;4 745.43;63;1;273.00;0;1.00;0.00;TRIMESTRE;NON;NON;0;L875533841;18;0;ENGINEERING MESURES;bnp;X0174433;5170.35
394548903;10114;01/01/2016;6 330.99;63;1;357.00;0;1.00;0.00;TRIMESTRE;NON;NON;0;LHD5942524;18;0;COMITE D'ENTREPRISE FRANCE QUICK;bnp;X0177572;6760.95
352721096;7193;01/01/2016;12 693.63;63;1;705.00;0;1.00;0.00;TRIMESTRE;NON;NON;50.87;G175R750345;18;0;CABINET CONSEIL LEGENDRE;bnp;X0178440;13350.59
430223628;10168;01/01/2016;6 011.79;63;1;339.00;0;1.00;0.00;TRIMESTRE;NON;NON;0;G145PA01249;18;0;LE BRIS CHRISTEL;bnp;X0179580;6420.11
775513427;10172;01/01/2016;10 822.37;63;1;601.07;0;1.00;0.00;TRIMESTRE;NON;NON;43.37;7526299442GB9;18;0;UNION LOCALE SYNDICATS C G T;bnp;X0179928;11382.59
313468134;10246;01/01/2016;16 458.66;66;1;870.00;0;1.00;0.00;TRIMESTRE;NON;NON;65.43;L8F5914647;18;0;A R A P L CENTRE;bnp;X0182734;17172.07
494261605;10249;01/01/2016;32 623.62;60;1;1838.01;0;1.00;0.00;TRIMESTRE;NON;NON;0;L875432952;18;0;PROTEC DECORS;bnp;X0182748;33339.14
309094829;10259;01/01/2016;7 914.58;63;1;443.37;0;1.00;0.00;TRIMESTRE;NON;NON;0;E155M933725;18;0;SOCIETE BEILLOT;bnp;X0183684;8396.43
338354426;10100;01/01/2016;52 523.56;66;1;2685.00;0;1.00;0.00;TRIMESTRE;NON;NON;0;W885JB00053;18;0;CGC;bnp;X0184240;53517.32
342645504;10415;01/04/2016;7 022.60;63;1;396.00;0;1.00;0.00;TRIMESTRE;NON;NON;28.6;LHD5943254;18;0;WIAME VRD;bnp;X0188831;7507.36
794710830;10500;01/01/2016;2 872.79;63;1;159.09;0;1.00;0.00;TRIMESTRE;NON;NON;15;QNW22911;18;0;ULULE;bnp;X0191947;3144.32
438302564;10556;01/01/2016;6 041.76;63;1;340.69;0;1.00;0.00;TRIMESTRE;NON;NON;0;L8K5811694;18;0;WELL PACK;bnp;X0193825;6452.10
494261605;10643;01/01/2016;2 050.12;63;1;121.26;0;1.00;0.00;TRIMESTRE;NON;NON;0;V1N5894114;18;0;PROTEC DECORS;bnp;X0197056;2297.03
775607674;10676;01/04/2016;2 365.25;63;1;139.90;0;1.00;0.00;TRIMESTRE;NON;NON;0;V5R5907019;18;0;ORLEANAIS ACCUEIL;bnp;X0198253;2652.80
312325913;10839;01/04/2016;30 228.12;63;1;1246.86;0;1.00;0.00;TRIMESTRE;NON;NON;90.27;E155MB31918;18;0;ETS GABRIEL;bnp;X0203907;23691.09
442702858;11063;01/04/2016;3 024.59;63;1;174.00;0;1.00;0.00;TRIMESTRE;NON;NON;15;V6A5Y01533;18;0;SODIAM EXPLOITATION;bnp;X0212753;3299.19
338354426;11193;01/04/2016;32 741.06;66;1;1695.00;0;1.00;0.00;TRIMESTRE;NON;NON;0;V1S5Y08857/63/03;18;0;CGC;bnp;X0216761;33574.07
402358147;11187;01/04/2016;7 682.79;66;1;420.00;0;1.00;0.00;TRIMESTRE;NON;NON;31.59;E15M833340;18;0;AGENCE DU CENTRE;bnp;X0216796;8290.42
381877737;8913;01/07/2016;8 758.39;63;1;498.00;0;1.00;0.00;TRIMESTRE;NON;NON;0;LHD5944232;18;0;SAVEURS MATIC;bnp;X0219526;9464.14
351232780;11425;01/04/2016;27 421.50;63;1;1509.00;0;1.00;0.00;TRIMESTRE;NON;NON;115.28;LHD5X44390;18;0;DCDI;bnp;Y0001192;28675.64
789816717;12273;01/07/2016;21 642.83;63;1;1191.00;0;1.00;0.00;TRIMESTRE;NON;NON;0;LSN6318783;18;0;MONTEDIS;bnp;Y0033586;22632.85
784967564;12395;01/07/2016;79 313.28;63;1;4290.00;0;1.00;0.00;TRIMESTRE;NON;NON;0;E176M130528;18;0;HLM LES FOYERS DE SEINE ET MARNE;bnp;Y0038908;82436.01
532875028;12425;01/04/2016;1 318.76;63;1;78.00;0;1.00;0.00;TRIMESTRE;NON;NON;15;LRQ6229348;18;0;ACHERES EXPANSION;bnp;Y0039740;1483.09
507502375;12643;01/07/2016;3 190.09;60;1;191.05;0;1.00;0.00;TRIMESTRE;NON;NON;15;QNU09129;18;0;OPA PARTNERS;bnp;Y0048124;3475.49
219103389;12175;13/06/2016;13 309.51;66;1;705.00;0;1.00;0.00;TRIMESTRE;NON;NON;0;HRY03347;18;0;COMMUNE DE LIMOURS;bnp;Y0065109;13761.74
332077932;13100;01/07/2016;23 236.49;48;1;1650.00;0;1.00;0.00;TRIMESTRE;NON;NON;0;75622594741YG;18;0;SUD EXPERTISE;bnp;Y0066750;24486.28
434198917;13167;01/07/2016;2 531.96;36;1;236.00;0;1.00;0.00;TRIMESTRE;NON;NON;15;FAK19837;18;0;CRG;bnp;Y0069488;2680.30
394985766;13228;01/10/2016;8 889.77;63;1;498.00;0;1.00;0.00;TRIMESTRE;NON;NON;38.05;LSN6318970;18;0;SARL SED;bnp;Y0071856;9464.13
399276518;11085;24/05/2016;16 528.20;66;1;900.00;0;1.00;0.00;TRIMESTRE;NON;NON;0;LHD5944249;18;0;IF PRO;bnp;Y0073226;17649.14
489393173;13509;01/07/2016;23 042.09;66;1;1218.00;0;1.00;0.00;TRIMESTRE;NON;NON;97;V636402855;18;0;DIS-PONTAULT;bnp;Y0084324;24129.37
504084484;13590;01/07/2016;9 907.26;63;1;555.00;0;1.00;0.00;TRIMESTRE;NON;NON;0;LHD6354629;18;0;PERFORMIS IMMO;bnp;Y0088351;10547.27
508561156;13610;01/07/2016;6 607.10;63;1;372.57;0;1.00;0.00;TRIMESTRE;NON;NON;28.46;L8F5Z16490;18;0;AGENCE D'EMPLOI DES METIERS DE LA SANTE;bnp;Y0088966;7080.65
414538587;13607;01/10/2016;5 320.18;63;1;300.00;0;1.00;0.00;TRIMESTRE;NON;NON;22.92;L876249630;18;0;VINGT MAI INCENTIVE SERVICE;bnp;Y0088971;5701.64
315997726;13868;01/10/2016;13 399.67;66;1;726.00;0;1.00;0.00;TRIMESTRE;NON;NON;0;E156M332396;18;0;STARBAT;bnp;Y0099500;14382.89
552099467;14014;01/10/2016;28 896.14;63;1;1614.00;0;1.00;0.00;TRIMESTRE;NON;NON;0;LSN6519866;18;0;DENTAURUM FRANCE;bnp;Y0105557;30843.49
808858963;14143;01/01/2017;6 760.40;45;1;510.00;0;1.00;0.00;TRIMESTRE;NON;NON;28.73;QXL00774;18;0;SCM SETACOVA;bnp;Y0109214;7146.61
775513427;13411;01/07/2016;3 128.88;63;1;180.00;0;1.00;0.00;TRIMESTRE;NON;NON;15;7528605010125;18;0;UNION LOCALE SYNDICATS C G T;bnp;Y0112571;3421.35
672003118;14351;01/01/2017;90 914.12;63;1;4827.54;0;1.00;0.00;TRIMESTRE;NON;NON;0;8583;18;0;SA ECONOM MIXTE CONSTRUCT RENOV URB CR;bnp;Y0118000;94000.00
784970451;14441;01/10/2016;65 371.57;66;1;3391.87;0;1.00;0.00;TRIMESTRE;NON;NON;274.13;LCA6522527;18;0;ASS JEANNE D ARC DE MELUN;bnp;Y0119814;68191.63
785688508;14615;01/01/2017;8 801.76;63;1;498.00;0;1.00;0.00;TRIMESTRE;NON;NON;0;QTS23954;18;0;CHAMBRE SYND IMPORTAT FR FRUITS LEGUMES;bnp;Y0126195;9492.68
775683006;14617;01/10/2016;1 049.45;63;1;63.00;0;1.00;0.00;TRIMESTRE;NON;NON;15;V676605555;18;0;FONDATION SANTE DES ETUDIANTS DE FRANCE;bnp;Y0126875;1198.05
712004233;14636;01/10/2016;13 689.11;66;1;730.72;0;1.00;0.00;TRIMESTRE;NON;NON;58.38;QTT20115;18;0;SCHAEFER TECHNIQUES;bnp;Y0129443;14522.21
390121572;14699;01/10/2016;1 108.92;36;1;105.00;0;1.00;0.00;TRIMESTRE;NON;NON;0;V1S6540071;18;0;TENNIS CLUB DE MENNECY;bnp;Y0135232;1195.04
450772041;14923;01/11/2016;17 720.87;36;1;1611.00;0;1.00;0.00;TRIMESTRE;NON;NON;73.65;G696M780161;18;0;HUGO BOSS FRANCE SAS;bnp;Y0141333;18321.86
785075052;15092;01/01/2017;5 000.97;63;1;282.00;0;1.00;0.00;TRIMESTRE;NON;NON;21.61;W2W6802797;18;0;ASS GYMNAS AVANT GARDE HOUILLE;bnp;Y0148090;5375.78
821622040;15100;01/01/2017;3 441.77;63;1;198.00;0;1.00;0.00;TRIMESTRE;NON;NON;15.17;W2W6903903;18;0;CELS LABORATOIRE;bnp;Y0148177;3774.75
775485535;13082;01/10/2016;24 115.84;63;1;1347.00;0;1.00;0.00;TRIMESTRE;NON;NON;0;LHD6251999;18;0;NOTRE FOYER;bnp;Y0150602;25674.51
413182874;14818;01/10/2016;26 371.64;66;1;1394.00;0;1.00;0.00;TRIMESTRE;NON;NON;111.37;QTT20051;18;0;SARL SMI;bnp;Y0154284;27703.31
402348080;15397;01/11/2016;1 420.52;48;1;105.00;0;1.00;0.00;TRIMESTRE;NON;NON;0;V636803906;18;0;OPCA TRANSPORTS;bnp;Y0160816;1562.64
345404156;15422;01/12/2016;4 377.26;36;1;408.00;0;1.00;0.00;TRIMESTRE;NON;NON;18.66;V7C6704616;18;0;TOYS R US;bnp;Y0161183;4640.88
400731980;15463;01/01/2017;11 409.04;66;1;609.01;0;1.00;0.00;TRIMESTRE;NON;NON;48.66;LS66924514;18;0;TRADE UNION;bnp;Y0162462;12103.52
428915714;15462;01/01/2017;9 264.63;63;1;519.00;0;1.00;0.00;TRIMESTRE;NON;NON;39.77;W2W6903383;18;0;LIGNE DE MIRE;bnp;Y0168399;9892.96
452963531;15707;01/01/2017;7 103.16;66;1;385.20;0;1.00;0.00;TRIMESTRE;NON;NON;0;WHR04622;18;0;J L GESTION;bnp;Y0170963;7655.83
512539727;15873;01/01/2017;3 702.50;63;1;213.00;0;1.00;0.00;TRIMESTRE;NON;NON;0;W2W6600539;18;0;PROTEC PISCINE;bnp;Y0175525;4060.65
402348080;15974;01/01/2017;1 420.52;48;1;105.00;0;1.00;0.00;TRIMESTRE;NON;NON;0;V636904221;18;0;OPCA TRANSPORTS;bnp;Y0179423;1562.64
383917101;10446;01/01/2017;12 944.81;63;1;718.95;0;1.00;0.00;TRIMESTRE;NON;NON;0;LSN6X25484;18;0;BRITA WASSER FILTER SYSTEME FRANCE;bnp;Y0183677;13703.98
331102483;16133;01/01/2017;1 876.66;63;1;111.00;0;1.00;0.00;TRIMESTRE;NON;NON;15;7526150103ZF;18;0;ASMD ASSOC SPORT MESNIL ST DEN;bnp;Y0184073;2116.54
413721382;16181;01/04/2017;11 071.38;63;1;621.05;0;1.00;0.00;TRIMESTRE;NON;NON;0;G726JC00123;18;0;TEKNICAD;bnp;Y0186012;11838.02
182800011;16335;28/03/2017;8 611.24;36;1;794.76;0;1.00;0.00;TRIMESTRE;NON;NON;0;W2S6Z09960;18;0;CHAMBRE DE COMMERCE ET D'INDUSTRIE;bnp;Y0190472;8885.19
324894625;16523;01/04/2017;9 119.86;63;1;516.00;0;1.00;0.00;TRIMESTRE;NON;NON;39.54;L873702468;18;0;UNION SPORTIVE ORLEANS LOIRET JUDO JUJITSU;bnp;Y0195751;9835.79
315250076;16549;01/04/2017;3 163.65;63;1;182.00;0;1.00;0.00;TRIMESTRE;NON;NON;15;LSN6X25781;18;0;UNION NATIONALE DES PERSONNELS ET RETRAITES DE LA;bnp;Y0196668;3469.80
785165010;16674;01/04/2017;66 032.53;36;1;5955.00;0;1.00;0.00;TRIMESTRE;NON;NON;0;SMF02845;18;0;GESTION HOPITAL PRIV GERIAT MAGNOLIAS;bnp;Y0200394;68142.41
331468223;15283;01/10/2016;1 402.83;45;1;109.50;0;1.00;0.00;TRIMESTRE;NON;NON;15;LSN6924600;18;0;SAS PDG PLASTIQUES;bnp;Y0203449;1535.15
402348080;16750;01/01/2017;1 420.52;48;1;105.00;0;1.00;0.00;TRIMESTRE;NON;NON;0;V636X04537;18;0;OPCA TRANSPORTS;bnp;Y0203624;1562.64
318826211;16871;01/07/2017;7 152.06;63;1;403.30;0;1.00;0.00;TRIMESTRE;NON;NON;0;W2W6Z09140;18;0;SARL PASLAB;bnp;Y0207734;7657.93
793587171;15944;01/12/2016;4 693.29;63;1;270.00;0;1.00;0.00;TRIMESTRE;NON;NON;20.69;V7C6705020;18;0;LES ANESTHESISTES D'ORELIANCE;bnp;Y0214955;5147.06
793073412;15810;01/01/2017;6 033.45;48;1;430.00;0;1.00;0.00;TRIMESTRE;NON;NON;25.71;5028631010FKY;18;0;IMAGERIE OXYGENE 02;bnp;Y0214977;6396.52
501219323;17053;01/02/2017;33 370.50;63;1;1800.00;0;1.00;0.00;TRIMESTRE;NON;NON;138.28;1000007325;18;0;BLANC MESNIL DISTRIBUTION;bnp;Y0216101;34397.84
442325460;15645;01/01/2017;18 405.68;63;1;1012.86;0;1.00;0.00;TRIMESTRE;NON;NON;77.61;G696M821642;18;0;MOBICITE;bnp;Y0216417;19305.86
823248497;17095;01/04/2017;2 101.64;36;1;199.00;0;1.00;0.00;TRIMESTRE;NON;NON;0;LSN6924137;18;0;PNL;bnp;Y0217128;2264.04
387771306;16430;01/01/2017;1 859.41;66;1;106.00;0;1.00;0.00;TRIMESTRE;NON;NON;15;X686PA00094;18;0;FERRO INGENIERIE;bnp;Y0219455;2107.39
785165010;16101;01/01/2017;12 555.75;36;1;1147.34;0;1.00;0.00;TRIMESTRE;NON;NON;0;QLC32455;18;0;GESTION HOPITAL PRIV GERIAT MAGNOLIAS;bnp;Y0219458;13048.94
505180182;17273;16/02/2017;4 383.74;36;1;140.00;0;1.00;0.00;MOIS;NON;NON;6.26;PAS6Z15197;18;0;PUBLIDISPATCH SAS;bnp;Y0223874;4668.28
820440907;17494;01/04/2017;4 693.29;63;1;270.00;0;1.00;0.00;TRIMESTRE;NON;NON;20.69;W2W6600355;18;0;MY VOITURE;bnp;Z0006809;5147.06
344943428;17722;01/07/2017;16 174.89;66;1;855.00;0;1.00;0.00;TRIMESTRE;NON;NON;0;G696MC30749;18;0;ELCOMETER SARL;bnp;Z0014084;16922.91
444628432;17945;01/04/2017;6 153.68;54;1;395.80;0;1.00;0.00;TRIMESTRE;NON;NON;26.37;E155MA31790;18;0;TRM ESPACES VERTS;bnp;Z0021807;6560.46
452443799;18201;01/07/2017;16 536.52;63;1;910.00;0;1.00;0.00;TRIMESTRE;NON;NON;69.73;WJ00519;18;0;PLO CHARLES;bnp;Z0030820;17345.37
532194057;18395;01/04/2017;16 790.93;63;1;924.00;0;1.00;0.00;TRIMESTRE;NON;NON;0;JWF84651;18;0;LYMPIA ARCHITECTURE;bnp;Z0038160;17612.20
444251110;18602;01/04/2017;12 542.24;66;1;669.50;0;1.06;0.00;TRIMESTRE;NON;NON;0;V7C7106418;18;0;ESCORT SECURITE PRIVEE SARL;bnp;Z0045334;13305.61
308052471;18670;01/07/2017;13 107.76;63;1;728.00;0;1.00;0.00;TRIMESTRE;NON;NON;0;W2S7213092;18;0;CENTRE CULTUREL CECAS;bnp;Z0047425;13822.66
321841587;18720;01/07/2017;12 567.60;63;1;698.00;0;1.00;0.00;TRIMESTRE;NON;NON;0;W2W7215073;18;0;SYN UD CFE CGC 93;bnp;Z0048541;13253.08
775369507;18244;01/10/2017;18 423.86;63;1;1024.00;0;1.00;0.00;TRIMESTRE;NON;NON;0;LHD4310877;18;0;COMITE ENTREPRISE DELPHI FRANCE;bnp;Z0051053;19496.10
828218941;18771;01/07/2017;3 076.74;63;1;177.00;0;1.00;0.00;TRIMESTRE;NON;NON;0;W2W6Y07647;18;0;LE PALMIER D OR;bnp;Z0051476;3361.41
785237355;18829;01/07/2017;8 346.88;63;1;465.00;0;1.00;0.00;TRIMESTRE;NON;NON;35.49;AAPH2274;18;0;ROUXEL S A;bnp;Z0053570;8829.36
350916128;19153;01/07/2017;4 119.67;63;1;237.00;0;1.00;0.00;TRIMESTRE;NON;NON;18.09;W2W7215085;18;0;SINTAX TRANSPORT FRANCE;bnp;Z0066011;4500.56
309306918;19162;01/07/2017;9 831.81;36;1;900.00;0;1.00;0.00;TRIMESTRE;NON;NON;41.06;WHR20280;18;0;BUREAU DE VERIFICATIONS TECHNIQUES;bnp;Z0071103;10213.90
200071090;19387;01/08/2017;5 423.79;66;1;292.50;0;1.00;0.00;TRIMESTRE;NON;NON;0;W2W6Y08017;18;0;SIARE;bnp;Z0078429;5704.41
480845148;19558;01/07/2017;3 754.64;63;1;216.00;0;1.00;0.00;TRIMESTRE;NON;NON;0;W2W6Y08060;18;0;EDOUARD DOMINGUES PROMOTION;bnp;Z0082713;4101.86
410606834;19800;01/10/2017;4 741.00;60;1;285.00;0;1.00;0.00;TRIMESTRE;NON;NON;0;WSH09080;18;0;NEWNET;bnp;Z0091550;5193.43
709802599;19946;01/07/2017;7 952.16;63;1;443.01;0;1.00;0.00;TRIMESTRE;NON;NON;0;LSJ7333772;18;0;GARAGE DU  CLAIREAU;bnp;Z0096870;8411.86
402348080;20077;01/10/2017;1 020.61;48;1;75.00;0;1.00;0.00;TRIMESTRE;NON;NON;0;V637607386;18;0;OPCA TRANSPORTS;bnp;Z0102429;1119.63
512903865;20435;01/10/2017;50 047.10;63;1;2661.00;0;1.00;0.00;TRIMESTRE;NON;NON;0;12319;18;0;SDRC DEVELOPPEMENT;bnp;Z0114142;51234.42
350323416;17461;01/10/2017;15 592.41;66;1;820.00;0;1.00;0.00;TRIMESTRE;NON;NON;0;WHR25247;18;0;CANDELA SYNERON;bnp;Z0118919;16277.11
792399461;20987;01/10/2017;10 751.21;63;1;594.00;0;1.00;0.00;TRIMESTRE;NON;NON;45.46;C717R410458;18;0;EPINAY EXPLOITATION;bnp;Z0134165;11309.64
219103389;17039;01/04/2017;28 683.14;66;1;1505.00;0;1.00;0.00;TRIMESTRE;NON;NON;0;WHN02929;18;0;COMMUNE DE LIMOURS;bnp;Z0138245;29736.83
379798135;21306;01/01/2018;12 470.67;63;1;689.00;0;1.00;0.00;TRIMESTRE;NON;NON;0;VLW7859723;18;0;ID ACIER;bnp;Z0148407;13182.90
451408819;19811;01/01/2018;4 009.96;36;1;376.08;0;1.00;0.00;TRIMESTRE;NON;NON;0;C717R410411;18;0;HERVAS GHISLAIN;bnp;Z0149329;4286.92
443230347;21347;01/01/2018;4 491.51;60;1;270.00;0;1.00;0.00;TRIMESTRE;NON;NON;0;W2W7418970;18;0;VIVEA;bnp;Z0151481;4943.20
443230347;21349;01/01/2018;4 491.51;60;1;270.00;0;1.00;0.00;TRIMESTRE;NON;NON;0;W2W7418157;18;0;VIVEA;bnp;Z0151504;4943.20
219400462;19712;01/10/2017;13 484.25;63;1;745.00;0;1.00;0.00;TRIMESTRE;NON;NON;0;W357603365;18;0;MAIRIE DE MAISONS ALFORT;bnp;Z0151588;14184.42
383452497;21420;01/01/2018;17 896.36;63;1;980.00;0;1.00;0.00;TRIMESTRE;NON;NON;0;XME02600;18;0;DUVIVIER & ASSOCIES;bnp;Z0153552;18750.32
388485443;21444;01/01/2018;4 724.49;63;1;270.00;0;1.00;0.00;TRIMESTRE;NON;NON;0;W2W7418478;18;0;AUTOMATISMES FERMETURES PROTECTION;bnp;Z0154235;5166.56
820440907;21258;01/10/2017;3 937.09;63;1;225.00;0;1.00;0.00;TRIMESTRE;NON;NON;0;V7C7207029;18;0;MY VOITURE;bnp;Z0154882;4284.51
350108684;21529;01/01/2018;1 669.48;63;1;98.01;0;1.00;0.00;TRIMESTRE;NON;NON;0;LSN7638826;18;0;KREMLIN DISTRIBUTION;bnp;Z0157250;1876.05
389591892;21542;01/01/2018;21 183.44;63;1;1160.00;0;1.11;0.00;TRIMESTRE;NON;NON;89.22;W2W7827792;18;0;A.B.C.S.;bnp;Z0157705;22194.10
219103389;21550;08/12/2017;8 196.51;66;1;440.00;0;1.00;0.00;TRIMESTRE;NON;NON;0;RYW01147;18;0;COMMUNE DE LIMOURS;bnp;Z0158259;8610.51
494134992;20504;01/10/2017;4 829.48;63;1;276.00;0;1.00;0.00;TRIMESTRE;NON;NON;21.13;C717R310566;18;0;OFFICE CENTRAL DE LA COOPERATION A L'ECOLE DE SEIN;bnp;Z0158298;5255.47
399167063;19559;01/10/2017;6 332.91;51;1;430.00;0;1.00;0.00;TRIMESTRE;NON;NON;0;W2S7624034;18;0;SARL CGS;bnp;Z0158577;6757.53
413721382;20958;01/10/2017;5 672.58;63;1;318.00;0;1.03;0.00;TRIMESTRE;NON;NON;0;WHR26027;18;0;TEKNICAD;bnp;Z0160523;6055.08
775708183;21635;01/01/2018;5 756.77;63;1;325.95;0;1.00;0.00;TRIMESTRE;NON;NON;0;W2W7418481;18;0;ASS POUR INSERTION EDUCATION ET SOINS;bnp;Z0160675;6237.00
324456904;21632;01/01/2018;4 334.75;60;1;258.00;0;1.00;0.00;TRIMESTRE;NON;NON;0;V7C7207054;18;0;SORAVIA;bnp;Z0160684;4723.55
722067691;21645;01/01/2018;21 696.95;63;1;1200.00;0;1.00;0.00;TRIMESTRE;NON;NON;0;W2W78277745;18;0;CABINET R. DURAND;bnp;Z0160977;22959.37
307146720;21670;01/01/2018;56 084.35;63;1;2982.00;0;1.00;0.00;TRIMESTRE;NON;NON;230.81;VNFVH5M1XZ;18;0;AGENCE ARAGO;bnp;Z0162003;57414.78
433987831;21705;01/01/2018;5 983.39;66;1;322.50;0;1.00;0.00;TRIMESTRE;NON;NON;0;WKB05614;18;0;E-COURSE INTERNATIONAL;bnp;Z0163547;6435.28
514424969;21742;01/01/2018;4 480.22;63;1;258.60;0;1.00;0.00;TRIMESTRE;NON;NON;0;W2W7828908;18;0;REMA TIP TOP NORD ALSACE;bnp;Z0165219;4948.46
527535561;21764;01/01/2018;14 569.31;63;1;271.00;0;1.00;0.00;MOIS;NON;NON;0;LSN7842111;18;0;MONTEIRO & BONNIER;bnp;Z0166023;15555.27
380869420;21836;01/01/2018;6 946.39;63;1;393.30;0;1.00;409.34;TRIMESTRE;NON;NON;0;W2W7418281;18;0;SOC D'ECONOMIE MIXTE DE MAUREPAS;bnp;Z0168365;7525.54
798905113;21892;01/01/2018;3 403.41;63;1;194.50;0;1.00;0.00;TRIMESTRE;NON;NON;15;W2W7828445;18;0;MLRG MULTIMEDIA;bnp;Z0170046;3722.09
528721277;21959;01/01/2018;40 456.78;63;1;2172.12;0;1.00;0.00;TRIMESTRE;NON;NON;167.5;V7C7207037;18;0;SYNERGTRADING;bnp;Z0172414;41666.43
423460161;22039;01/01/2018;11 022.71;63;1;609.00;0;1.05;0.00;TRIMESTRE;NON;NON;0;WSH16715;18;0;BALBOA;bnp;Z0174809;11652.33
538102187;22067;01/01/2018;3 181.91;66;1;175.00;0;1.00;0.00;TRIMESTRE;NON;NON;15;LSN7639190;18;0;AVOCAT LOIRE CONSEIL;bnp;Z0175542;3492.43
326184926;22091;01/01/2018;24 196.58;63;1;1325.00;0;1.00;0.00;TRIMESTRE;NON;NON;0;W2W7931459;18;0;L'ETOILE DU NORD;bnp;Z0176344;25350.88
811859552;22133;01/01/2018;3 674.63;63;1;210.00;0;1.00;0.00;TRIMESTRE;NON;NON;0;V797903349;18;0;AMHELO;bnp;Z0178208;4018.65
304095037;19191;01/01/2018;46 417.15;63;1;2468.00;0;1.00;0.00;TRIMESTRE;NON;NON;0;LSN7945158;18;0;UNION DEPART ASS FAMIL VAL OISE;bnp;Z0181618;47516.49
334878048;22029;01/12/2017;5 432.75;63;1;103.00;0;1.00;0.00;MOIS;NON;NON;0;C717R310261;18;0;LECOMTE JEAN-MICHEL;bnp;Z0181706;5894.28
422866210;22316;01/01/2018;2 874.63;66;1;158.10;0;1.01;0.00;TRIMESTRE;NON;NON;15;W2W7931322;18;0;PAROLES DE FEMMES 91;bnp;Z0184444;3155.24
304095037;22343;01/01/2018;11 604.29;63;1;617.00;0;1.00;0.00;TRIMESTRE;NON;NON;0;C737M600027;18;0;UNION DEPART ASS FAMIL VAL OISE;bnp;Z0185298;11879.81
424751048;22444;01/04/2018;5 083.92;63;1;285.00;0;1.00;0.00;TRIMESTRE;NON;NON;21.92;C717A00726;18;0;ASSISTANCE CONTRAT DEPANNAGE POSE;bnp;Z0189274;5453.55
443462338;22496;01/04/2018;4 813.75;36;1;447.00;0;1.00;0.00;TRIMESTRE;NON;NON;0;C717R810935;18;0;KOITO CZECH S.R.O;bnp;Z0190886;5095.14
329938245;22527;01/04/2018;83 796.29;48;1;5711.55;0;1.00;0.00;TRIMESTRE;NON;NON;0;14760;18;0;BOSTON SCIENTIFIC;bnp;Z0191783;85603.29
308065580;22692;01/01/2018;18 681.61;63;1;1023.00;0;1.00;0.00;TRIMESTRE;NON;NON;0;XME03498;18;0;MAISONS TRADI-PIERRE;bnp;Z0196699;19573.00
