siren;reference contrat;date debut;montant commerce;durée;terme3;echeance;loyer intercalaire;reste;montant prestation;Périodicité4;incident de paiement5;reloc6;assurance;matricule;entité;VISIBILITE;raison sociale7;leaser;ref leaser;ref contrat co;montant finance
420540643;8713;01/11/2015;29563.44;60;1;568.5;0;1;0;MOIS;NON;;0;0;18;1;EIFFAGE ENERGIE ILE-DE-FRANCE;grenke;257199;8713;30954.75
775708183;8783;01/10/2015;34487.67;63;1;1860.27;0;1;0;TRIMESTRE;NON;;0;0;18;1;ASS POUR INSERTION EDUCATION ET SOINS;grenke;257130;8783;35398.13
197831407;8839;01/10/2015;17053.73;60;1;989.01;0;1;0;TRIMESTRE;NON;;0;0;18;1;LYCEE GENERAL ET TECHNOLOGIQUE MANSART;grenke;25755;8839;18150.66
402348080;8851;01/10/2015;5852.19;63;1;330;0;1;0;TRIMESTRE;NON;;0;0;18;1;OPCA TRANSPORTS ET SERVICES;grenke;257132;8851;6265.68
200075158;8912;01/10/2015;10846.36;48;1;759.99;0;1;0;TRIMESTRE;NON;;0;0;18;1;LYCEE POLYVALENT DE DOURDAN;grenke;25758;8912;11360.11
402348080;8940;01/10/2015;1420.52;48;1;105;0;1;0;TRIMESTRE;NON;;0;0;18;1;OPCA TRANSPORTS ET SERVICES;grenke;257131;8940;1557.94
219104577;8526;01/10/2015;5644;60;1;330;0;1;0;TRIMESTRE;OUI;;0;0;18;1;COMMUNE LA NORVILLE;grenke;25721;8526;6056.89
418730164;9258;01/01/2016;1600.25;63;1;94.65;0;1;0;TRIMESTRE;NON;;0;0;18;1;ALENCON VOYAGES;grenke;257264;9258;1797.75
434869368;11816;01/07/2016;39115.41;66;1;2025;0;1;0;TRIMESTRE;NON;;0;0;18;1;ASS POUR LA SANTE AU TRAVAIL EN ESSONNE;grenke;257751;11816;40172.69
785075086;9314;01/01/2016;7658.06;63;1;429;0;1;0;TRIMESTRE;NON;;0;0;18;1;SPORTS OLYMPIQUES DE HOUILLES;grenke;257177;9314;8145.11
217701465;9542;01/01/2016;21796.46;63;1;1200;0;1;0;TRIMESTRE;NON;;0;0;18;1;COMMUNE CROISSY BEAUBOURG;grenke;257305;9542;23020.87
479142119;8699;01/10/2015;3940.6;39;1;342;0;1;0;TRIMESTRE;NON;;0;0;18;1;RESSOURCES FORMATION;grenke;257126;8699;4183.95
399276518;11337;01/04/2016;8359.46;60;1;480;0;1;0;TRIMESTRE;NON;;0;0;18;1;IF PRO;grenke;257787;11337;8722.55
805920048;9740;01/01/2017;3540.44;36;1;330;0;1;0;TRIMESTRE;NON;;0;0;18;1;SOCIETE ANONYME EURE ET LOIR HABITAT;grenke;2571320;9740;3760.06
479142119;9773;01/01/2016;3940.6;39;1;342;0;1;0;TRIMESTRE;NON;;0;0;18;1;RESSOURCES FORMATION;grenke;257234;9773;4183.95
421737149;9889;01/01/2016;15971.38;63;1;878.91;0;1;0;TRIMESTRE;NON;;0;0;18;1;UNION POUR UN MOUVEMENT POPULAIRE;grenke;257294;9889;16686.09
450772041;9924;01/04/2016;1917.24;63;1;113.4;0;1;0;TRIMESTRE;NON;;0;0;18;1;HUGO BOSS FRANCE SAS;grenke;257462;9924;2152.62
775683006;9978;01/01/2016;878.19;63;1;51.93;0;1;0;TRIMESTRE;NON;;0;0;18;1;FONDATION SANTE DES ETUDIANTS DE FRANCE;grenke;257260;9978;986.93
379507411;9988;01/01/2016;1668.72;63;1;98.7;0;1;0;TRIMESTRE;NON;;0;0;18;1;MIKOMOTO &CO LTD;grenke;257281;9988;1874.64
513237651;10122;01/01/2016;2711.71;63;1;156;0;1;0;TRIMESTRE;NON;;0;0;18;1;SODIRIB;grenke;257302;10122;2962.43
309662005;11282;01/04/2016;5616.15;60;1;330;0;1;0;TRIMESTRE;NON;;0;0;18;1;VAL EQUIPEMENT;grenke;257602;11282;5997.04
389487869;11341;01/07/2016;20552.52;63;1;1131;0;1;0;TRIMESTRE;NON;;0;0;18;1;ESSONNE DEVELOPPEMENT;grenke;257687;11341;21472.01
219100955;11351;01/10/2016;3148.04;63;1;180;0;1;0;TRIMESTRE;OUI;;0;0;18;1;COMMUNE DE BOURAY SUR JUINE;grenke;2571239;11351;3453.91
785165010;11378;01/07/2016;12495.89;36;1;1158.99;0;1;0;TRIMESTRE;NON;;0;0;18;1;GESTION HOPITAL PRIV GERIAT MAGNOLIAS;grenke;257735;11378;13152.28
775683006;11452;01/04/2016;15138.19;63;1;845.55;0;1;0;TRIMESTRE;NON;;0;0;18;1;FONDATION SANTE DES ETUDIANTS DE FRANCE;grenke;257443;11452;16050.68
688202670;11718;01/04/2016;7580.1;36;1;696;0;1;0;TRIMESTRE;NON;;0;0;18;1;GARAGE DE LA GARE DE BEAUCHAMP;grenke;257514;11718;7898.55
199114901;11725;01/04/2017;16417.28;66;1;861.42;0;1;0;TRIMESTRE;OUI;;0;0;18;1;COLLEGE PABLO NERUDA;grenke;2571557;11725;17341.38
332537729;11772;01/04/2016;65100.85;63;1;3469.23;0;1;0;TRIMESTRE;NON;;0;0;18;1;ASSOC TUTELAIRE INADAPTES VAL D OISE;grenke;257474;11772;66166.62
394937999;12264;01/04/2016;8763.03;63;1;490.89;0;1;0;TRIMESTRE;NON;;0;0;18;1;GARNIER ESTELLE nee MADRE;grenke;257599;12264;9320.23
323780502;12372;01/07/2016;1699.15;63;1;100.5;0;1;0;TRIMESTRE;NON;;0;0;18;1;SOCIETE HOTELIERE D'OLIVET;grenke;257812;12372;1908.81
552064149;12405;01/04/2016;5109.14;63;1;288.09;0;1;0;TRIMESTRE;NON;;0;0;18;1;REMA TIP TOP FRANCE;grenke;257635;12405;5470.24
417702255;12422;01/07/2016;8996.88;63;1;504;0;1;0;TRIMESTRE;NON;;0;0;18;1;SOCIETE NOUVELLE COTRASOL;grenke;257681;12422;9568.93
429802929;12429;01/07/2016;6237.36;63;1;357;0;1;0;TRIMESTRE;NON;;0;0;18;1;ASSOCIATION MAISON DE LA PREVENTION;grenke;257660;12429;6778.25
344983325;12444;01/07/2016;6809.8;63;1;384;0;1;0;TRIMESTRE;OUI;;0;0;18;1;SOCIETE D'AVOCAT DIDIER GOGET;grenke;257823;12444;7290.82
390924405;12529;01/07/2016;3300.97;63;1;189.9;0;1;0;TRIMESTRE;NON;;0;0;18;1;EC ORLEANS-CJF ATHLETISME;grenke;257810;12529;3605.99
217700087;12543;01/04/2016;2835.66;60;1;170.01;0;1;0;TRIMESTRE;NON;;0;0;18;1;COMMUNE ARMENTIERES EN BRIE;grenke;257721;12543;3120.66
609801808;12581;01/07/2016;14404.12;63;1;816;0;1;0;TRIMESTRE;OUI;;0;0;18;1;MAT INTER;grenke;257764;12581;15491.99
219105525;12224;01/04/2016;9652.52;60;1;561;0;1;0;TRIMESTRE;OUI;;0;0;18;1;COMMUNE DE SAINT GERMAIN LES ARPAJON;grenke;257672;12224;10296.07
267800365;12807;01/10/2016;8190.58;63;1;459.45;0;1;0;TRIMESTRE;OUI;;0;0;18;1;CTRE COM ACTION SOCIALE DE BOIS D'ARCY;grenke;257996;12807;8814.68
264500034;12848;01/10/2016;3552.64;36;1;330;0;1;0;TRIMESTRE;OUI;;0;0;18;1;EHPAD VILLECANTE;grenke;2571155;12848;3767.38
407544899;12861;01/07/2016;4345.64;63;1;250.08;0;1;0;TRIMESTRE;NON;;0;0;18;1;UNION REGIONALE CENTRE - CGPME;grenke;257875;12861;4746.94
502347545;12941;01/07/2016;3024.59;63;1;174;0;1;0;TRIMESTRE;NON;;0;0;18;1;C2J;grenke;257733;12941;3304.14
199211608;12995;01/07/2016;9365.27;51;1;627;0;1;0;TRIMESTRE;NON;;0;0;18;1;COLLEGE JEAN-BAPTISTE CLEMENT;grenke;257965;12995;9913.4
429044035;13053;01/07/2016;4432.56;63;1;255;0;1;0;TRIMESTRE;NON;;0;0;18;1;ASSOCIATION DESTINATION DEMAIN;grenke;257836;13053;4841.86
331693507;13074;01/07/2016;23432.03;63;1;1289.46;0;1;0;TRIMESTRE;NON;;0;0;18;1;HAMON THERMAL EUROPE (FRANCE);grenke;257976;13074;24480.24
197722283;13127;01/07/2016;7843.81;63;1;440.01;0;1;0;TRIMESTRE;NON;;0;0;18;1;LYCEE POLYVALENT CHARLES DE GAULLE;grenke;257803;13127;8441.57
491209011;13128;01/10/2016;14057.52;63;1;780.75;0;1;0;TRIMESTRE;NON;;0;0;18;1;VINCKE ANNE-CATHERINE;grenke;2571243;13128;14822.8
402348080;13200;01/07/2016;3911.08;63;1;225;0;1;0;TRIMESTRE;NON;;0;0;18;1;OPCA TRANSPORTS ET SERVICES;grenke;257837;13200;4272.34
334911237;13281;01/07/2016;4519.46;63;1;259.98;0;1;0;TRIMESTRE;NON;;0;0;18;1;JEAN MIRALLES ALAIN VILLEJOUBERT;grenke;257868;13281;4936.79
421086521;13359;01/07/2016;5898.29;63;1;332.61;0;1;0;TRIMESTRE;NON;;0;0;18;1;AGENCE REG AMELIORATION CONDIT TRAVAIL;grenke;257822;13359;6315.03
303004006;13379;01/10/2016;5674.85;63;1;320.01;0;1;0;TRIMESTRE;NON;;0;0;18;1;UL CGT DU 10;grenke;2571042;13379;6075.84
432117240;13464;01/07/2016;6579.27;63;1;371.01;0;1;0;TRIMESTRE;NON;;0;0;18;1;SERVISTORES AGENCE NORD;grenke;257948;13464;7044.03
317540573;13506;01/07/2016;6253.69;66;1;114;0;1;0;MOIS;NON;;0;0;18;1;DIFFUSION DE MATERIEL ET D'IMPRIMERIE;grenke;257915;13506;6746.11
433029709;13581;01/07/2016;3858.94;63;1;222;0;1;0;TRIMESTRE;NON;;0;0;18;1;AFFINITY HOME;grenke;257902;13581;4215.38
682008701;13666;01/10/2016;8133.64;60;1;474.99;0;1;0;TRIMESTRE;NON;;0;0;18;1;ELSTER;grenke;2571242;13666;8631.71
513237651;13800;01/07/2016;3076.74;63;1;177;0;1;0;TRIMESTRE;NON;;0;0;18;1;SODIRIB;grenke;257907;13800;3361.1
333355626;10743;01/07/2016;15668.99;63;1;862.26;0;1;0;TRIMESTRE;NON;;0;0;18;1;MINOTERIE MATIGNON SAS;grenke;257908;10743;16370.2
382931418;14257;01/01/2017;12894.95;60;1;747;0;1;0;TRIMESTRE;NON;;0;0;18;1;BURBAN PALETTES RECYCLAGE;grenke;2571284;14257;13664.01
304828502;14604;01/10/2016;8243.68;66;1;444;0;1;0;TRIMESTRE;NON;;0;0;18;1;ISOCHEM;grenke;2571192;14604;8787.62
424349330;14698;01/01/2017;3754.51;66;1;210;0;1;0;TRIMESTRE;NON;;0;0;18;1;BOUDDHIQUE KHANH ANH PAGODA KHANH ANH;grenke;2571343;14698;4187.16
338731326;14706;01/10/2016;1623.08;63;1;96;0;1;0;TRIMESTRE;NON;;0;0;18;1;CIRETEC;grenke;2571129;14706;1823.38
421380866;14896;01/10/2016;2708.64;66;1;150;0;1;0;TRIMESTRE;NON;;0;0;18;1;ALSTEF AUTOMATION SA;grenke;2571121;14896;2969.38
388956302;14907;01/01/2017;5430.12;48;1;387;0;1;0;TRIMESTRE;NON;;0;0;18;1;LOGIAL-OPH;grenke;2571241;14907;5739.66
775675606;14997;01/04/2017;8167.89;60;1;477;0;1;0;TRIMESTRE;NON;;0;0;18;1;FEDERATION FRANCAISE D ESCRIME;grenke;2571716;14997;8706.29
402348080;15000;01/01/2017;1420.52;48;1;105;0;1;0;TRIMESTRE;NON;;0;0;18;1;OPCA TRANSPORTS ET SERVICES;grenke;2571276;15000;1557.94
812577062;13440;01/10/2016;8485.04;66;1;456.99;0;1;0;TRIMESTRE;NON;;0;0;18;1;XAVIER LATRILLE ET CHANTAL LINET;grenke;2571123;13440;9044.89
200066959;13730;01/10/2016;2138.3;66;1;118.5;0;1;0;TRIMESTRE;NON;;0;0;18;1;SIRTOM DU SUD-FRANCILIEN;grenke;2571136;13730;2371.81
408686046;15119;01/10/2016;3540.44;36;1;330;0;1;0;TRIMESTRE;NON;;0;0;18;1;FEDERATION NATIONALE ASSOC TUTELAIRES;grenke;2571236;15119;3745.5
217701796;14672;01/10/2016;15018.19;66;1;788.01;0;1;0;TRIMESTRE;NON;;0;0;18;1;COMMUNE FERICY;grenke;2571195;14672;15766.86
814862900;15384;01/01/2017;2266.94;63;1;132;0;1;0;TRIMESTRE;NON;;0;0;18;1;OUVERTURES BRIARDES 77;grenke;2571398;15384;2565.94
257705640;13873;01/01/2017;3925.22;66;1;216;0;1;0;TRIMESTRE;OUI;;0;0;18;1;SI D'INTERET SCOLAIRE DU PLATEAU;grenke;2571209;13873;4322.54
810147629;15576;01/01/2017;4252.52;66;1;235.5;0;1;0;TRIMESTRE;NON;;0;0;18;1;MAISONS PRO KIT;grenke;2571336;15576;4695.49
219100419;9889;01/01/2017;15971.38;66;1;1665;0;1;0;TRIMESTRE;OUI;;0;0;18;1;COMMUNE D AVRAINVILLE;grenke;2571349;9889;16686.09
441092970;16975;01/04/2017;5513.64;66;1;299.01;0;1;0;TRIMESTRE;NON;;0;0;18;1;LES PLAISIRS PARISIENS;grenke;2571738;16975;5946.85
488740440;16400;01/04/2017;5266.98;63;1;297;0;1;0;TRIMESTRE;NON;;0;0;18;1;CARS DE VERSAILLES;grenke;2571502;16400;5665.35
582001707;16610;01/07/2017;20971.34;48;1;1481.82;0;1;0;TRIMESTRE;NON;;0;0;18;1;CAROLL INTERNATIONAL;grenke;2572267;16610;22051.57
254502651;16857;01/04/2017;3459.15;63;1;198.99;0;1;0;TRIMESTRE;NON;;0;0;18;1;SI INTERET SCOLAIRE CRAVANT VILLORCEAU;grenke;2571618;16857;3796.27
325794477;16872;01/04/2017;1085.46;63;1;64.2;0;1;0;TRIMESTRE;NON;;0;0;18;1;ASS FAMILIALE CANTON FERTE GAU;grenke;2571587;16872;1225.34
403307838;16881;01/04/2017;33759.82;63;1;1821;0;1;0;TRIMESTRE;NON;;0;0;18;1;GRIFFITH FOODS;grenke;2571823;16881;34812.07
449435569;16947;01/04/2017;4380.4;63;1;252;0;1;0;TRIMESTRE;NON;;0;0;18;1;ACCEO CONSULTING;grenke;2571611;16947;4807.11
784361453;17118;01/04/2017;3548.14;63;1;208.2;0;1;0;TRIMESTRE;OUI;;0;0;18;1;ASSOCIATION POUR LE TRAVAIL L ACCUEIL;grenke;2571521;17118;3971.74
257704403;17130;01/04/2017;8826.78;63;1;492;0;1;0;TRIMESTRE;NON;;0;0;18;1;SI REGROUPT PEDAGOGIQUE - CTRE LOISIRS;grenke;2571625;17130;9494.33
380186296;17146;01/04/2017;2520.5;63;1;144.99;0;1;0;TRIMESTRE;NON;;0;0;18;1;SELARL JEAN DE BERRY;grenke;2571643;17146;2766.37
818026866;17179;01/04/2017;5160.57;63;1;291;0;1;0;TRIMESTRE;NON;;0;0;18;1;M.B. AVOCATS.;grenke;2571525;17179;5550.92
513237651;17305;01/04/2017;2130.26;63;1;126;0;1;0;TRIMESTRE;NON;;0;0;18;1;SODIRIB;grenke;2571666;17305;2404
775708969;17475;01/04/2017;3024.59;63;1;174;0;1;0;TRIMESTRE;NON;;0;0;18;1;ASS DEPARTEMENTALE D ACTION SOCIALE DES POLICIERS;grenke;2571694;17475;3319.47
332537216;17538;01/04/2017;3546.05;63;1;204;0;1;0;TRIMESTRE;NON;;0;0;18;1;SOCIETE BRUEL & FILS;grenke;2571665;17538;3891.64
402348080;17553;01/04/2017;1014.67;48;1;75;0;1;0;TRIMESTRE;NON;;0;0;18;1;OPCA TRANSPORTS ET SERVICES;grenke;2571787;17553;1116.98
402348080;17554;01/04/2017;1014.67;48;1;75;0;1;0;TRIMESTRE;NON;;0;0;18;1;OPCA TRANSPORTS ET SERVICES;grenke;2571891;17554;1116.98
402348080;17628;01/04/2017;19733.85;36;1;1794;0;1;0;TRIMESTRE;NON;;0;0;18;1;OPCA TRANSPORTS ET SERVICES;grenke;2571669;17628;20410.41
344471743;17749;01/04/2017;9097.75;66;1;489.99;0;1;0;TRIMESTRE;NON;;0;0;18;1;CENTRE PLASTIQUE;grenke;2571884;17749;9745.1
217701812;17764;01/04/2017;17112.09;63;1;934.98;0;1;0;TRIMESTRE;OUI;;0;0;18;1;COMMUNE FERRIERES EN BRIE;grenke;2572692;17764;18042.27
794677476;17783;01/04/2017;3493.91;63;1;201;0;1;0;TRIMESTRE;NON;;0;0;18;1;ATOUTERRAIN;grenke;2571649;17783;3834.42
197713373;17845;01/04/2017;3046.67;36;1;282.99;0;1;0;TRIMESTRE;OUI;;0;0;18;1;COLLEGE DEPARTEMENTAL ELSA TRIOLET;grenke;2571784;17845;3241.48
350978227;17851;01/07/2017;12765.66;63;1;709.02;0;1;0;TRIMESTRE;NON;;0;0;18;1;UNION LOCALE CGT;grenke;2572586;17851;13523.11
519551840;17862;01/04/2017;31701.98;63;1;1710;0;1;0;TRIMESTRE;NON;;0;0;18;1;HAUT ET COURT;grenke;2571883;17862;32690.14
492632765;17881;01/04/2017;5032.89;63;1;283.8;0;1;0;TRIMESTRE;NON;;0;0;18;1;PAROISSE DES ESSARTS LE ROI;grenke;2571950;17881;5413.6
353943517;18070;01/07/2017;8599.4;60;1;502.2;0;1;0;TRIMESTRE;NON;;0;0;18;1;GILLES HOUELLEU ET ANNE;grenke;2572225;18070;9166.2
812251759;18109;01/04/2017;4333.78;66;1;240;0;1;0;TRIMESTRE;NON;;0;0;18;1;SOPRECO ISOLATION;grenke;2571942;18109;4773.57
420309791;18133;01/04/2017;4491.5;48;1;324.99;0;1;0;TRIMESTRE;NON;;0;0;18;1;ATELIER A C G;grenke;2572062;18133;4837.19
477952170;18146;01/04/2017;4111.33;63;1;236.52;0;1;0;TRIMESTRE;NON;;0;0;18;1;SARL PETROGES;grenke;2572112;18146;4511.86
798877403;18166;01/04/2017;3824.18;63;1;219.99;0;1;0;TRIMESTRE;NON;;0;0;18;1;L'AGENCE 2 0;grenke;2571880;18166;4196.79
509629820;18189;01/04/2017;6061.52;48;1;432;0;1;0;TRIMESTRE;NON;;0;0;18;1;SOCIETE FRANCAISE DES MONNAIES;grenke;2572020;18189;6429.42
784410011;18212;01/07/2017;13143.76;63;1;729.99;0;1;0;TRIMESTRE;NON;;0;0;18;1;SYNDIC NAT COMM ANTIQ OCCAS;grenke;2572203;18212;13923.63
432117240;16773;01/04/2017;1775.23;63;1;105;0;1;0;TRIMESTRE;NON;;0;0;18;1;SERVISTORES AGENCE NORD;grenke;2571742;16773;2003.49
538536061;18274;01/07/2017;3128.88;63;1;180;0;1;0;TRIMESTRE;NON;;0;0;18;1;GROUPEMENT D'AIDE A L'EDUCATION DES JEUNES;grenke;2572348;18274;3433.9
422779330;18281;01/04/2017;5000.97;63;1;282;0;1;0;TRIMESTRE;NON;;0;0;18;1;UL CGT SAINT DENIS;grenke;2572006;18281;5379.27
217700525;18334;01/04/2017;22870.3;66;1;1200;0;1;0;TRIMESTRE;OUI;;0;0;18;1;COMMUNE BREAU;grenke;2572223;18334;24157.3
497580761;18388;01/07/2017;2520.5;63;1;144.99;0;1;0;TRIMESTRE;NON;;0;0;18;1;r-meca RECTIFICATION S.A.S.;grenke;2572419;18388;2766.37
793665373;18389;01/04/2017;4433.21;60;1;265.5;0;1;0;TRIMESTRE;NON;;0;0;18;1;SCENES A L'ITALIENNE;grenke;2572051;18389;4846.36
775693385;18394;01/04/2017;20611.53;36;1;1873.8;0;1;0;TRIMESTRE;NON;;0;0;18;1;L'ADAPT;grenke;2572283;18394;21318.14
312325913;18409;01/07/2017;1900.99;36;1;180;0;1;0;TRIMESTRE;NON;;0;0;18;1;ENTREPRISE GABRIEL;grenke;2573635;18409;2048.71
217700087;18433;01/04/2017;621.61;48;1;45;0;1;0;TRIMESTRE;OUI;;0;0;18;1;COMMUNE ARMENTIERES EN BRIE;grenke;2571899;18433;676.49
382408771;18516;01/10/2017;5967.93;36;1;561;0;1;0;TRIMESTRE;OUI;;0;0;18;1;CAP'ALLIANCE;grenke;2573505;18516;6383.16
480150200;18528;01/04/2017;1131.47;66;1;64.5;0;1;0;TRIMESTRE;NON;;0;0;18;1;SIFA TRANSIT;grenke;2572099;18528;1283.56
331815225;18524;01/07/2017;20500.72;63;1;1128.18;0;1;0;TRIMESTRE;NON;;0;0;18;1;RACING ELECTRONIC;grenke;2572323;18524;21517.23
330317322;18546;01/04/2017;4780.19;63;1;275.01;0;1;0;TRIMESTRE;NON;;0;0;18;1;SOC BALGENCIENNE DE DISTRIBUTION;grenke;2572066;18546;5245.77
785164252;18608;01/07/2017;8494.33;66;1;457.5;0;1;0;TRIMESTRE;NON;;0;0;18;1;COMMUNAUTE JEUNESSE;grenke;2572351;18608;9098.8
480150200;18618;01/04/2017;2099.71;66;1;119.7;0;1;0;TRIMESTRE;NON;;0;0;18;1;SIFA TRANSIT;grenke;2572097;18618;2381.27
324456904;18631;01/07/2017;1166.6;63;1;69;0;1;0;TRIMESTRE;OUI;;0;0;18;1;SORAVIA;grenke;2572170;18631;1316.89
217703263;18677;01/04/2017;1205.4;63;1;69.39;0;1;0;TRIMESTRE;OUI;;0;0;18;1;COMMUNE NANDY;grenke;2572169;18677;1339.84
197700305;18689;01/04/2017;6685.77;63;1;375;0;1;0;TRIMESTRE;OUI;;0;0;18;1;COLLEGE DEPARTEMENTAL JACQUES PREVERT;grenke;2572148;18689;7236.76
411048663;16793;01/04/2017;4924.41;36;1;459;0;1;0;TRIMESTRE;NON;;0;0;18;1;BATOR;grenke;2571910;16793;5222.76
388786634;18859;01/07/2017;4675.9;63;1;269.01;0;1;0;TRIMESTRE;NON;;0;0;18;1;RONGEMAILLE FERMETURES;grenke;2572504;18859;5131.33
950022012;18415;01/07/2017;52191.01;66;1;2667.99;0;1;0;TRIMESTRE;NON;;0;0;18;1;DAMES-DIS;grenke;2572520;18415;53315.99
334769270;19088;01/07/2017;8658.46;66;1;471;0;1;0;TRIMESTRE;NON;;0;0;18;1;ALTERITE;grenke;2572416;19088;9367.27
798108924;19093;01/07/2017;5314.86;63;1;299.7;0;1;0;TRIMESTRE;NON;;0;0;18;1;PECTOFEED;grenke;2572311;19093;5716.85
784132425;19125;01/07/2017;13516.39;60;1;783;0;1;0;TRIMESTRE;OUI;;0;0;18;1;MARIE AUDE LEGRAIN-MERCIER ET CHRISTOPHE ROBLET;grenke;2572585;19125;14290.88
510363922;19124;01/10/2017;3540.44;36;1;330;0;1;0;TRIMESTRE;NON;;0;0;18;1;ISO SYSTEMES;grenke;2573648;19124;3755.19
451033054;19213;01/07/2017;1591.04;66;1;90;0;1;0;TRIMESTRE;NON;;0;0;18;1;VALLEE ISABELLE nee LE MOAL;grenke;2572589;19213;1789.59
562013490;19214;01/07/2017;5639.39;63;1;318;0;1;0;TRIMESTRE;NON;;0;0;18;1;D E F A;grenke;2573330;19214;6065.87
219102266;19222;01/07/2017;3257.94;66;1;215.13;0;1;0;TRIMESTRE;OUI;;0;0;18;1;COMMUNE ETRECHY;grenke;2572517;19222;3609.89
480150200;19378;01/07/2017;1931.32;66;1;110.1;0;1;0;TRIMESTRE;NON;;0;0;18;1;SIFA TRANSIT;grenke;2572456;19378;2190.36
480150200;19502;01/07/2017;2909.07;66;1;161.1;0;1;0;TRIMESTRE;NON;;0;0;18;1;SIFA TRANSIT;grenke;2572309;19502;3204.55
199119454;19532;01/07/2017;3715.32;36;1;345;0;1;0;TRIMESTRE;NON;;0;0;18;1;LYCEE POLYVALENT MARGUERITE YOURCENAR;grenke;2572646;19532;3951.42
488891284;19535;01/07/2017;6224.59;63;1;351;0;1;0;TRIMESTRE;NON;;0;0;18;1;MPB;grenke;2572547;19535;6703.92
444906978;19577;01/07/2017;15046.42;63;1;828;0;1;0;TRIMESTRE;NON;;0;0;18;1;TEXCELL;grenke;2572683;19577;15792.7
212800072;19600;01/10/2017;1546.3;36;1;150;0;1;90;TRIMESTRE;OUI;;0;0;18;1;COMMUNE DE ANET;grenke;2573495;19600;1718.55
785307109;19633;01/07/2017;14389.23;63;1;795;0;1;0;TRIMESTRE;NON;;0;0;18;1;OGEC DE L ECOLE ST ALEXANDRE;grenke;2572903;19633;15163.31
480150200;19659;01/07/2017;5126.24;66;1;276.3;0;1;0;TRIMESTRE;NON;;0;0;18;1;SIFA TRANSIT;grenke;2572765;19659;5495.44
483277976;19673;01/01/2018;5929.24;60;1;346.5;0;1;0;TRIMESTRE;NON;;0;0;18;1;GROUPE 1981;grenke;2573802;19673;6369.56
199117540;19695;01/10/2017;14573.3;60;1;840;0;1;0;TRIMESTRE;OUI;;0;0;18;1;COLLEGE ROSA LUXEMBURG;grenke;2573035;19695;15501.94
219400462;19762;01/10/2017;3919.93;36;1;363.99;0;1;0;TRIMESTRE;OUI;;0;0;18;1;COMMUNE DE MAISONS ALFORT;grenke;2573337;19762;4141.99
247700701;19876;01/07/2017;3517.14;63;1;201;0;1;0;TRIMESTRE;OUI;;0;0;18;1;COMMUNAUTE DE COMMUNES DE LA BRIE NANGISSIENNE;grenke;2572653;19876;3879.33
793587171;19872;01/07/2017;2248.42;63;1;132;0;1;0;TRIMESTRE;NON;;0;0;18;1;LES ANESTHESISTES D ORELIANCE;grenke;2572694;19872;2518.44
315930727;19888;01/07/2017;2945.54;66;1;162;0;1;0;TRIMESTRE;NON;;0;0;18;1;AUTOS POLYSERVICES REMORQUAGES;grenke;2572927;19888;3222.46
257803023;20036;01/07/2017;3349.27;63;1;192;0;1;0;TRIMESTRE;OUI;;0;0;18;1;SIVS DE BOINVILLE ET BREUIL BOIS ROBERT;grenke;2572772;20036;3705.67
318798857;20066;01/07/2017;17121.22;66;1;900.39;0;1;0;TRIMESTRE;NON;;0;0;18;1;ATELIERS MECANIQUES DE BAULNE;grenke;2572847;20066;17906.37
217801430;19810;01/07/2017;3515.35;27;1;424.44;0;1;0;TRIMESTRE;OUI;;0;0;18;1;COMMUNE DE CHATEAUFORT;grenke;2572614;19810;3675.17
815000856;20148;01/10/2017;12705.97;63;1;702;0;1;0;TRIMESTRE;NON;;0;0;18;1;SELARL BARONNIE - LANGET;grenke;2572963;20148;13389.6
200075158;20351;01/10/2017;15838.79;48;1;1101.9;0;1;0;TRIMESTRE;NON;;0;0;18;1;LYCEE POLYVALENT DE DOURDAN;grenke;2573309;20351;16543.03
402348080;20432;01/10/2017;1020.61;48;1;75;0;1;0;TRIMESTRE;NON;;0;0;18;1;OPCA TRANSPORTS ET SERVICES;grenke;2573564;20432;1116.98
197714769;20523;01/10/2017;6599.98;39;1;567;0;1;0;TRIMESTRE;OUI;;0;0;18;1;COLLEGE DEPARTEMENTAL G-POLITZER;grenke;2573285;20523;7004.87
430201293;18339;01/07/2017;17200.34;63;1;956.01;0;1;0;TRIMESTRE;NON;;0;0;18;1;BONNY SAS;grenke;2572973;18339;18233.95
444490056;20668;01/10/2017;5672.58;63;1;318;0;1;0;TRIMESTRE;NON;;0;0;18;1;ASS NAT DIRECTEURS ET CADRES ASS ET CAT;grenke;2573361;20668;6065.87
419410899;20724;01/10/2017;13556.65;63;1;749.01;0;1;0;TRIMESTRE;NON;;0;0;18;1;LES AMIES ET AMIS DE LA COMMUNE DE PARIS-1871;grenke;2573464;20724;14285.99
199106337;20768;01/10/2017;24670.26;36;1;2250;0;1;0;TRIMESTRE;NON;;0;0;18;1;LYCEE POLYVALENT GASPARD MONGE;grenke;2573317;20768;25866.09
682008701;18928;01/07/2017;9719.99;51;1;660;0;1;0;TRIMESTRE;NON;;0;0;18;1;ELSTER;grenke;2572962;18928;10386.42
257705806;20882;01/10/2017;4497.02;63;1;257.01;0;1;0;TRIMESTRE;NON;;0;0;18;1;SMIVOM de la région de Mormant;grenke;2573310;20882;4959.88
531908515;20887;01/01/2018;3024.27;60;1;180;0;1;90;TRIMESTRE;NON;;0;0;18;1;M2S ASCENSEURS;grenke;2573545;20887;3285.96
200072874;20886;01/01/2018;8236.65;60;1;480;0;1;90;TRIMESTRE;OUI;;0;0;18;1;CC VAL BRIARD;grenke;2573577;20886;8858.65
267700201;20919;01/10/2017;4671.99;63;1;267;0;1;0;TRIMESTRE;OUI;;0;0;18;1;EHPAD DE CRECY;grenke;2573353;20919;5152.84
217802693;21086;01/10/2017;3951.54;60;1;235.98;0;1;90;TRIMESTRE;OUI;;0;0;18;1;COMMUNE DE GAZERAN;grenke;2573510;21086;4355.79
434059192;21267;01/04/2018;1865.43;36;1;180;0;1;90;TRIMESTRE;NON;;0;0;18;1;OFFICE PUBLIC DE L HABITAT D EURE ET LOIR;grenke;2574868;21267;2060.23
315736694;21270;01/07/2018;12959.83;60;1;747;0;1;120;TRIMESTRE;NON;;0;0;18;1;BANETTE SAS;grenke;2575479;21270;13730.73
214500167;21435;01/01/2018;7785.52;63;1;435;0;1;0;TRIMESTRE;OUI;;0;0;18;1;COMMUNE D AUTRY LE CHATEL;grenke;2573644;21435;8428
219104411;21514;01/01/2018;10534.02;63;1;582;0;1;0;TRIMESTRE;OUI;;0;0;18;1;COMMUNE DE NAINVILLE LES ROCHES;grenke;2573612;21514;11230.94
382931418;20839;01/10/2017;15340.98;51;1;1012.5;0;1;255;TRIMESTRE;NON;;0;0;18;1;BURBAN PALETTES RECYCLAGE;grenke;2573376;20839;15933.21
337692198;20761;01/10/2017;4637.01;63;1;264.99;0;1;0;TRIMESTRE;NON;;0;0;18;1;FONTAINEBLEAU LANGUES ET COMMUNICATION;grenke;2573415;20761;5055.04
199110396;21630;01/01/2018;18013.82;66;1;945;0;1;0;TRIMESTRE;OUI;;0;0;18;1;COLLEGE PAUL ELUARD;grenke;2573769;21630;19024.07
217701952;21656;01/01/2018;7656.48;66;1;410.01;0;1;0;TRIMESTRE;NON;;0;0;18;1;COMMUNE FOUJU;grenke;2573613;21656;8254.35
217700160;21729;01/01/2018;15100.04;60;1;861;0;1;105;TRIMESTRE;NON;;0;0;18;1;COMMUNE BAGNEAUX SUR LOING;grenke;2574012;21729;15949.79
199106246;21860;01/01/2018;17413.36;66;1;913.5;0;1;0;TRIMESTRE;OUI;;0;0;18;1;COLLEGE BLAISE PASCAL;grenke;2574121;21860;18466.93
217701812;21912;01/01/2018;5083.92;63;1;285;0;1;0;TRIMESTRE;OUI;;0;0;18;1;COMMUNE FERRIERES EN BRIE;grenke;2573873;21912;5522.11
200075158;21934;01/01/2018;4396.8;45;1;334.89;0;1;0;TRIMESTRE;NON;;0;0;18;1;LYCEE POLYVALENT DE DOURDAN;grenke;2573720;21934;4734.21
197722929;21957;01/01/2018;6956.29;36;1;639;0;1;0;TRIMESTRE;NON;;0;0;18;1;LYCEE POLYVALENT MARTIN LUTHER KING;grenke;2573868;21957;7317.91
219100377;22012;01/01/2018;2973.87;60;1;177;0;1;15;TRIMESTRE;NON;;0;0;18;1;COMMUNE D'AUVERNAUX;grenke;2574088;22012;3279.62
388710113;22158;01/04/2018;8469.69;60;1;492;0;1;90;TRIMESTRE;NON;;0;0;18;1;CENTRE JARDIN LOISIRS;grenke;2574869;22158;9043.84
432117240;17041;01/01/2018;16235.89;36;1;1476;0;1;0;TRIMESTRE;NON;;0;0;18;1;SERVISTORES AGENCE NORD;grenke;2573623;17041;16792.67
528721277;22314;01/04/2018;23831.35;63;1;1305;0;1;0;TRIMESTRE;OUI;;0;0;18;1;SYNERGTRADING;grenke;2574713;22314;25134.57
528721277;22367;01/04/2018;7746.68;60;1;450;0;1;90;TRIMESTRE;OUI;;0;0;18;1;SYNERGTRADING;grenke;2574994;22367;8271.88
699834156;21987;01/01/2018;9693.14;63;1;540;0;1;0;TRIMESTRE;NON;;0;0;18;1;SYSTRONIC;grenke;2573870;21987;10376.81
388591638;22539;01/04/2018;69873.73;60;1;3921;0;1;0;TRIMESTRE;NON;;0;0;18;1;ASS DE L ECOLE DE BIOLOGIE INDUSTRIELLE;grenke;2575072;22539;72389.63
509080842;22656;01/04/2018;5646.9;60;1;330;0;1;120;TRIMESTRE;NON;;0;0;18;1;SARL DECORS ET MATIERES;grenke;2574804;22656;6066.29
784410011;22716;01/04/2018;4536.37;60;1;270;0;1;90;TRIMESTRE;NON;;0;0;18;1;SYNDIC NAT COMM ANTIQ OCCAS;grenke;2574572;22716;4963.5
352279814;22728;01/04/2018;6057.58;60;1;354;0;1;90;TRIMESTRE;NON;;0;0;18;1;BUREAU D'ETUDE CIRCUITS IMPRIMES;grenke;2574536;22728;6507.42
440587558;22776;01/04/2018;10859.82;63;1;600;0;1;0;TRIMESTRE;NON;;0;0;18;1;AVIS ET CONSEILS;grenke;2574847;22776;11529.68
313721185;22785;01/10/2018;14017.4;36;1;1277.13;0;1;415.89;TRIMESTRE;NON;;0;0;18;1;RAPS FRANCE;grenke;2576606;22785;14530.11
602057515;22543;01/04/2018;10168.94;39;1;861;0;1;0;TRIMESTRE;NON;;0;0;18;1;GROUPE SEMBAT VOYAGES;grenke;2574453;22543;10561.54
491957650;22878;01/01/2018;6690.87;51;1;450.09;0;1;1044.9;TRIMESTRE;NON;;0;0;18;1;LA ROLSE NETTOYAGE;grenke;2574411;22878;7083.36
393928726;22877;01/04/2018;6690.87;51;1;450.09;0;1;516.9;TRIMESTRE;NON;;0;0;18;1;MENA CLEAN;grenke;2574924;22877;7083.36
322548652;22910;01/04/2018;4536.37;60;1;270;0;1;90;TRIMESTRE;NON;;0;0;18;1;FEDERATION FRANCAISE GENEALOGIE;grenke;2574801;22910;4963.5
439738055;22933;01/04/2018;5646.9;60;1;330;0;1;90;TRIMESTRE;NON;;0;0;18;1;CONSULTANT DECHETS SPECIAUX SERVICES;grenke;2574463;22933;6066.29
319922829;22704;01/04/2018;7832.69;36;1;717;0;1;150;TRIMESTRE;NON;;0;0;18;1;COPADEX;grenke;2575149;22704;8157.9
219100278;22963;01/01/2018;7086.92;36;1;651;0;1;120;TRIMESTRE;OUI;;0;0;18;1;COMMUNE D ATHIS MONS;grenke;2574843;22963;7455.32
527809230;22181;01/04/2018;5619.06;63;1;315;0;1;0;TRIMESTRE;NON;;0;0;18;1;RBS;grenke;2574346;22181;6053.52
412528564;23044;01/01/2018;8077.62;63;1;450;0;1;0;TRIMESTRE;NON;;0;0;18;1;BAILLY;grenke;2574349;23044;8647.49
562103630;23046;01/04/2018;8263.12;60;1;480;0;1;90;TRIMESTRE;NON;;0;0;18;1;LA SCIE INDUSTRIELLE GROUX;grenke;2574881;23046;8823.29
494624273;21053;01/01/2018;26132.3;63;1;1431;0;1;0;TRIMESTRE;NON;;0;0;18;1;AMPLEGEST;grenke;2573915;21053;27561.27
279400030;23100;01/04/2018;7832.69;36;1;717;0;1;0;TRIMESTRE;OUI;;0;0;18;1;OFFICE PUBLIC DE L HABITAT DE LA VILLE DE THIAIS;grenke;2574956;23100;8157.9
219105798;23101;01/10/2018;17492.64;63;1;960.57;0;1;0;TRIMESTRE;NON;;0;0;18;1;COMMUNE DE SAINT VRAIN;grenke;2576401;23101;18609.83
197833593;23115;01/01/2018;9630.46;60;1;570;0;1;0;TRIMESTRE;OUI;;0;0;18;1;COLLEGE ARIANE;grenke;2574458;23115;10559.41
837050772;23130;01/04/2018;10152.62;36;1;924.99;0;1;24.99;TRIMESTRE;NON;;0;0;18;1;CREUZOT MICHEL SA;grenke;2574551;23130;10524.21
784410011;23180;01/07/2018;1226.45;63;1;72;0;1;0;TRIMESTRE;NON;;0;0;18;1;SYNDIC NAT COMM ANTIQ OCCAS;grenke;2575302;23180;1384.37
199107160;23181;01/04/2018;25087.77;63;1;1370.55;0;1;672.87;TRIMESTRE;OUI;;0;0;18;1;COLLEGE JEAN MERMOZ;grenke;2574409;23181;26739.95
798632543;20229;01/01/2018;4082.74;60;1;243;0;1;0;TRIMESTRE;NON;;0;0;18;1;GITE GP;grenke;2574024;20229;4467.24
380227009;22288;01/01/2018;11493.29;63;1;634.98;0;1;0;TRIMESTRE;NON;;0;0;18;1;MOREAU INCENDIE SA;grenke;2574022;22288;12202.19
214503146;22971;01/07/2018;7329.56;63;1;414.99;0;1;0;TRIMESTRE;OUI;;0;0;18;1;COMMUNE DE SULLY LA CHAPELLE;grenke;2574541;22971;8040.55
521180752;23329;01/04/2018;7438.54;63;1;417;0;1;0;TRIMESTRE;NON;;0;0;18;1;L2A;grenke;2574578;23329;8013.41
247700644;23331;01/04/2018;8092.52;60;1;470.1;0;1;99.9;TRIMESTRE;OUI;;0;0;18;1;COMMUNAUTE DE COMMUNES L'OREE DE LA BRIE;grenke;2574722;23331;8708.72
450177555;23338;01/04/2018;3254.63;66;1;179.01;0;1;0;TRIMESTRE;NON;;0;0;18;1;ZE-COM;grenke;2574414;23338;3588.4
439946336;23346;01/04/2018;3744.96;63;1;214.02;0;1;206.4;TRIMESTRE;NON;;0;0;18;1;ENTREPRISE PELLEGRIN ET FILS;grenke;2574460;23346;4113.23
380087171;23348;01/04/2018;3001.72;66;1;165.09;0;1;383.91;TRIMESTRE;NON;;0;0;18;1;AMBIANCE FLORALE PARIS;grenke;2574753;23348;3309.62
443278965;23377;01/04/2018;22009.41;66;1;1157.46;0;1;1101.54;TRIMESTRE;OUI;;0;0;18;1;SEM GENOPOLE;grenke;2574964;23377;23198.68
443572730;22753;01/01/2018;4898.27;66;1;269.4;0;1;0;TRIMESTRE;NON;;0;0;18;1;COORD GERONTOLOGIQUE DU SUD-ESSONNE;grenke;2574106;22753;5400.17
441184355;22584;01/01/2018;4225.8;63;1;241.5;0;1;0;TRIMESTRE;NON;;0;0;18;1;CABINET MANSART;grenke;2574132;22584;4621.25
807853619;23484;01/04/2018;3937.09;63;1;225;0;1;0;TRIMESTRE;OUI;;0;0;18;1;SAADOUN MYRIAM;grenke;2574371;23484;4324.21
320269483;22378;01/01/2018;4147.06;63;1;237;0;1;0;TRIMESTRE;OUI;;0;0;18;1;ASS TENNIS CLUB NEUILLY-S-MARN;grenke;2574146;22378;4554.78
428236178;22662;01/01/2018;6567.8;66;1;354;0;1;0;TRIMESTRE;NON;;0;0;18;1;FACT AUDIT;grenke;2574167;22662;7095.71
403491384;23522;01/04/2018;5529.87;63;1;309.99;0;1;0;TRIMESTRE;NON;;0;0;18;1;NUMERICAL CONTROL COMPUTER;grenke;2574542;23522;5957.45
602057515;21533;01/04/2018;4882.05;39;1;422.01;0;1;0;TRIMESTRE;NON;;0;0;18;1;GROUPE SEMBAT VOYAGES;grenke;2574755;21533;5176.98
403791957;21673;01/04/2018;6225.55;63;1;348.99;0;1;0;TRIMESTRE;NON;;0;0;18;1;L S PHOTO;grenke;2574278;21673;6706.81
784970451;23647;01/04/2018;1077.24;63;1;63.87;0;1;0;TRIMESTRE;NON;;0;0;18;1;ASS JEANNE D ARC DE MELUN;grenke;2574538;23647;1228.15
199106873;23681;01/07/2018;56454.15;66;1;2928.99;0;1;0;TRIMESTRE;NON;;0;0;18;1;LYCEE GEN ET TECHNO FUSTEL DE COULANGES;grenke;2575510;23681;59723.26
402348080;23746;01/04/2018;1020.61;48;1;75;0;1;0;TRIMESTRE;NON;;0;0;18;1;OPCA TRANSPORTS ET SERVICES;grenke;2574805;23746;1116.98
421380866;16492;01/04/2018;40269.97;63;1;2162.1;0;1;4269.9;TRIMESTRE;NON;;0;0;18;1;ALSTEF AUTOMATION SA;grenke;2575460;16492;41641.7
337593511;22026;01/01/2018;7682.73;63;1;428.01;0;1;0;TRIMESTRE;NON;;0;0;18;1;VAN FROID;grenke;2574345;22026;8224.77
130003593;23896;01/04/2018;13577.08;63;1;755.76;0;1;670.2;TRIMESTRE;NON;;0;0;18;1;GIP PORT ROYAL DES CHAMPS;grenke;2574723;23896;14522.35
950453464;23902;01/04/2018;1803.95;36;1;170.1;0;1;99.9;TRIMESTRE;NON;;0;0;18;1;COLLECTOYS;grenke;2574937;23902;1935.97
815000856;23895;01/04/2018;919.86;63;1;54;0;1;0;TRIMESTRE;NON;;0;0;18;1;SELARL BARONNIE - LANGET;grenke;2574795;23895;1038.51
307165498;22477;01/04/2018;16745.89;63;1;917.01;0;1;0;TRIMESTRE;NON;;0;0;18;1;SOCIETE FRANCAISE D'ANESTHESIE ET DE REANIMATION;grenke;2575035;22477;17620.71
380783407;23945;01/04/2018;3149.69;63;1;180;0;1;0;TRIMESTRE;NON;;0;0;18;1;M R INGENIERIE;grenke;2574652;23945;3459.54
508561156;24019;01/10/2018;28278.12;60;1;1616.1;0;1;219.9;TRIMESTRE;NON;;0;0;18;1;AGENCE D'EMPLOI DES METIERS DE LA SANTE;grenke;2576659;24019;29770.55
197815111;24037;01/04/2018;11301.63;66;1;609.21;0;1;0;TRIMESTRE;OUI;;0;0;18;1;COLLEGE LA MARE AUX SAULES;grenke;2574862;24037;12315.84
480150200;24053;01/04/2018;41274.6;66;1;2126.04;0;1;1826.52;TRIMESTRE;NON;;0;0;18;1;SIFA TRANSIT;grenke;2574922;24053;42715.14
596120097;24163;01/04/2018;1803.95;36;1;170.1;0;1;99.9;TRIMESTRE;NON;;0;0;18;1;BLOIS SPECIALITES AUTO INDUSTRIE;grenke;2575180;24163;1935.97
453494437;24164;01/04/2018;11228;66;1;596.1;0;1;144.9;TRIMESTRE;NON;;0;0;18;1;EURL DOUSSET;grenke;2575198;24164;11947.62
834438517;24233;01/04/2018;3823.87;36;1;355.08;0;1;147.3;TRIMESTRE;NON;;0;0;18;1;NIRIMMO;grenke;2575127;24233;4040.51
347513475;24417;01/10/2018;8347.11;36;1;764.1;0;1;129.9;TRIMESTRE;NON;;0;0;18;1;STROMAG FRANCE SAS;grenke;2576130;24417;8693.62
493300172;24494;01/04/2018;3390.08;66;1;186.48;0;1;0;TRIMESTRE;NON;;0;0;18;1;STAUTH PAYSAGE SARL;grenke;2575014;24494;3737.71
324805696;24548;01/07/2018;13126.6;63;1;725.25;0;1;184.77;TRIMESTRE;NON;;0;0;18;1;COMIT EDUC SANTE SEINE ST DENI;grenke;2575870;24548;13936.12
338731326;24589;01/04/2018;1822.6;63;1;107.01;0;1;0;TRIMESTRE;NON;;0;0;18;1;CIRETEC;grenke;2575026;24589;2056.88
435315353;24742;01/07/2018;17086.8;66;1;898.59;0;1;317.4;TRIMESTRE;NON;;0;0;18;1;GOELIA VENTES;grenke;2576096;24742;18010.27
775606650;24752;01/07/2018;57118.76;63;1;3067.38;0;1;1175.64;TRIMESTRE;NON;;0;0;18;1;SOC ETUDES FABRICATIONS INDUSTRIELLES;grenke;2576079;24752;59215.23
316619634;24757;01/07/2018;7044.36;36;1;647.1;0;1;99.9;TRIMESTRE;NON;;0;0;18;1;MANUFACTURE DE SANTRANGES;grenke;2575916;24757;7362.56
217701812;24778;01/07/2018;13116.32;60;1;756.03;0;1;99.9;TRIMESTRE;NON;;0;0;18;1;COMMUNE FERRIERES EN BRIE;grenke;2575731;24778;14005.18
752077636;24939;01/07/2018;3608.6;36;1;335.1;0;1;99.9;TRIMESTRE;NON;;0;0;18;1;PALET FACILITY MANAGEMENT SOLUTIONS-PFM SOLUTIONS;grenke;2575636;24939;3813.1
217704378;24979;01/10/2018;23308.92;60;1;1329.06;0;1;273;TRIMESTRE;OUI;;0;0;18;1;COMMUNE SAINT SOUPPLETS;grenke;2576986;24979;24620.15
499665230;25003;01/07/2018;5531.48;63;1;310.08;0;1;324.9;TRIMESTRE;NON;;0;0;18;1;AQUALABO SERVICES;grenke;2575497;25003;5959.17
322367491;25010;01/07/2018;6567.5;60;1;383.79;0;1;0;TRIMESTRE;NON;;0;0;18;1;T.R.C.C. CONSULTING;grenke;2575343;25010;7055.13
435286307;25061;01/07/2018;18227.7;66;1;958.59;0;1;257.4;TRIMESTRE;NON;;0;0;18;1;S D T TERRES BLEUES;grenke;2576097;25061;19212.77
312397029;24992;01/10/2018;62067.42;63;1;3333.12;0;1;3239.88;TRIMESTRE;NON;;0;0;18;1;DUNOIS DISTRIBUTION;grenke;2576409;24992;64345.42
513840231;25103;01/07/2018;3186.26;63;1;182.1;0;1;112.92;TRIMESTRE;NON;;0;0;18;1;TERRA CANDIDO;grenke;2575803;25103;3499.71
434963013;25117;01/06/2018;7519;48;1;180;0;1;0;MOIS;NON;;0;0;18;1;CDA EXPERTISE COMPTABLE;grenke;2575522;25117;8010.57
418585303;25135;01/07/2018;5256.06;63;1;297.6;0;1;0;TRIMESTRE;NON;;0;0;18;1;CEAMAG;grenke;2575223;25135;5719.18
333998052;25164;01/04/2018;5646.9;60;1;330;0;1;99.9;TRIMESTRE;NON;;0;0;18;1;FAULHABER FRANCE;grenke;2575213;25164;6066.29
353637077;25188;01/07/2018;16752.64;63;1;935.82;0;1;662.4;TRIMESTRE;OUI;;0;0;18;1;VAISALA SA;grenke;2575484;25188;17982.15
521180752;25324;01/10/2018;8092.52;60;1;470.1;0;1;99.9;TRIMESTRE;NON;;0;0;18;1;L2A;grenke;2576579;25324;8641.13
217702646;25398;01/07/2018;9383.63;60;1;545.1;0;1;99.9;TRIMESTRE;OUI;;0;0;18;1;COMMUNE LUMIGNY NESLES ORMEAUX;grenke;2576146;25398;10097.99
538785601;25539;01/10/2018;3024.27;60;1;180;0;1;99.9;TRIMESTRE;NON;;0;0;18;1;TECHNIC MENUISERIE INDUSTRY;grenke;2576840;25539;3309.31
342429412;25594;01/07/2018;35034.55;63;1;1881;0;1;1067.16;TRIMESTRE;NON;;0;0;18;1;BOOMERANG;grenke;2575865;25594;36228.04
488434879;25613;01/01/2019;55914.42;60;1;3106.59;0;1;133.41;TRIMESTRE;NON;;0;0;18;1;TECHNIFAB;grenke;2576901;25613;57354.34
439215781;25663;01/07/2018;4409.53;63;1;252;0;1;0;TRIMESTRE;NON;;0;0;18;1;EN-TEMPS;grenke;2575860;25663;4843
311415715;25699;01/07/2018;7335.56;36;1;673.83;0;1;246.15;TRIMESTRE;NON;;0;0;18;1;SOCIETE GODEAU ET FILS;grenke;2575935;25699;7666.89
247800477;25708;01/07/2018;8843.18;63;1;494.1;0;1;600.9;TRIMESTRE;OUI;;0;0;18;1;SIVOM DE LA REGION DE CHEVREUSE;grenke;2575841;25708;9572.73
339704652;25710;01/01/2019;23164.56;60;1;1337.1;0;1;189.9;TRIMESTRE;NON;;0;0;18;1;INCB - INFORMATIQUE NUMERIQUE CARTES ET BIOMETRIE;grenke;2577012;25710;24576.53
325324515;25733;01/07/2018;4769.81;63;1;272.58;0;1;137.4;TRIMESTRE;NON;;0;0;18;1;COMITE DEP HANDBALL HAUTS DE SEINE;grenke;2575668;25733;5238.63
447957093;25801;01/10/2018;9154.64;63;1;510;0;1;0;TRIMESTRE;NON;;0;0;18;1;VADE MECUM & ASSOCIES;grenke;2576126;25801;9800.37
330317322;25815;01/10/2018;4416.27;36;1;410.1;0;1;99.9;TRIMESTRE;NON;;0;0;18;1;SOC BALGENCIENNE DE DISTRIBUTION;grenke;2576565;25815;4666.34
478442635;25893;01/07/2018;4012.43;36;1;372.6;0;1;506.4;TRIMESTRE;NON;;0;0;18;1;J.C.C. EMBALLAGES;grenke;2575756;25893;4239.72
379955008;25947;01/07/2018;7729.22;63;1;430.59;0;1;268.41;TRIMESTRE;NON;;0;0;18;1;ASS DEP MEDIATION ET D'AIDE AUX VICTIMES;grenke;2575943;25947;8274.54
411048143;25976;01/10/2018;11475.92;63;1;634.05;0;1;388.95;TRIMESTRE;NON;;0;0;18;1;ETABLISSEMENTS BUTET;grenke;2576447;25976;12183.75
813555885;25984;01/07/2018;5709.86;63;1;320.1;0;1;128.4;TRIMESTRE;NON;;0;0;18;1;LEMAIRE ADRIEN;grenke;2575951;25984;6151.32
348293259;25991;01/10/2018;4851.01;63;1;279.99;0;1;0;TRIMESTRE;NON;;0;0;18;1;TOYO TANSO FRANCE;grenke;2576054;25991;5381.01
401643218;25986;01/10/2018;5946.21;63;1;333.33;0;1;115.65;TRIMESTRE;NON;;0;0;18;1;DESIGN FONCTIONNALITE INGENIERIE;grenke;2576509;25986;6405.92
308049725;25993;01/04/2019;3608.6;36;1;335.1;0;1;99.9;TRIMESTRE;NON;;0;0;18;1;CENT DEP INTERP FORMATION APPRENTIS;grenke;2577064;25993;3813.1
797762952;26008;01/10/2018;2384.69;63;1;140.01;0;1;0;TRIMESTRE;NON;;0;0;18;1;MYVAPORS EUROPE;grenke;2576544;26008;2690.97
808269708;26037;01/10/2018;6806.9;63;1;381.6;0;1;203.4;TRIMESTRE;NON;;0;0;18;1;CHEMINS D'ESPERANCE;grenke;2576365;26037;7333.02
338731326;26041;01/10/2018;1602.7;63;1;94.08;0;1;60.72;TRIMESTRE;NON;;0;0;18;1;CIRETEC;grenke;2575938;26041;1808.82
823782479;26049;01/10/2018;9818.79;63;1;546.99;0;1;0;TRIMESTRE;NON;;0;0;18;1;JAPAPA;grenke;2576571;26049;10511.31
480776483;26108;01/10/2018;13630.67;63;1;753.09;0;1;535.92;TRIMESTRE;NON;;0;0;18;1;AH EXPERTS;grenke;2576517;26108;14471.24
702040775;26125;01/10/2018;24379.56;63;1;1335.03;0;1;444.9;TRIMESTRE;NON;;0;0;18;1;SORETRAC;grenke;2576474;26125;25712.74
817671035;26133;01/10/2018;4347.17;66;1;239.1;0;1;153.9;TRIMESTRE;NON;;0;0;18;1;CABINET CDP IMMOBILIER;grenke;2576302;26133;4792.71
785740630;26177;01/10/2018;6967.44;63;1;390.6;0;1;137.4;TRIMESTRE;NON;;0;0;18;1;MAISON DES JEUNES ET DE LA CULTURE;grenke;2576601;26177;7491.23
219400462;26223;01/10/2018;10782.99;63;1;597.48;0;1;180.9;TRIMESTRE;OUI;;0;0;18;1;COMMUNE DE MAISONS ALFORT;grenke;2576394;26223;11575.49
451570519;26312;01/10/2018;89996.89;63;1;4832.97;0;1;3564.03;TRIMESTRE;NON;;0;0;18;1;DAMMANN FRERES;grenke;2576166;26312;93299.59
507496230;26327;01/01/2019;3779.61;63;1;216;0;1;0;TRIMESTRE;NON;;0;0;18;1;LES ARGONAUTES SECURITE PRIVEE;grenke;2577118;26327;4151.28
480409846;26365;01/10/2018;2792.84;48;1;203.1;0;1;104.91;TRIMESTRE;NON;;0;0;18;1;AZ COLOR;grenke;2576064;26365;3023.07
739809358;26377;01/10/2018;3781.18;63;1;216.09;0;1;134.91;TRIMESTRE;NON;;0;0;18;1;SIT LOCATION;grenke;2576049;26377;4153
421380866;26331;01/10/2018;1601.52;57;1;102.99;0;1;0;TRIMESTRE;NON;;0;0;18;1;ALSTEF AUTOMATION SA;grenke;2576034;26331;1795.2
392403168;26417;01/10/2018;12040.44;60;1;233.7;0;1;43.3;MOIS;NON;;0;0;18;1;CEPY ASSURANCES;grenke;2576661;26417;12848.56
432380822;26446;01/01/2019;7706.78;63;1;429.33;0;1;221.67;TRIMESTRE;NON;;0;0;18;1;EURO CRM FRANCE;grenke;2577209;26446;8250.51
480409846;26449;01/01/2019;7017.37;60;1;410.1;0;1;99.9;TRIMESTRE;NON;;0;0;18;1;AZ COLOR;grenke;2577331;26449;7538.34
199211608;26456;01/10/2018;11619.28;63;1;641.97;0;1;438.03;TRIMESTRE;NON;;0;0;18;1;COLLEGE JEAN-BAPTISTE CLEMENT;grenke;2576472;26456;12437.34
492602446;26459;01/10/2018;3991.16;63;1;228.09;0;1;140.91;TRIMESTRE;NON;;0;0;18;1;CAVAL CONCEPT;grenke;2576058;26459;4383.57
511822363;26474;01/10/2018;3991.16;63;1;228.09;0;1;148.92;TRIMESTRE;NON;;0;0;18;1;SIT SERVICES;grenke;2576155;26474;4383.57
340753292;26508;01/01/2019;27138.69;63;1;1486.11;0;1;821.04;TRIMESTRE;NON;;0;0;18;1;SYNLAB NORMANDIE;grenke;2577063;26508;28622.66
443006861;26506;01/01/2019;14869.79;60;1;857.1;0;1;129.9;TRIMESTRE;NON;;0;0;18;1;MATCH EVENT;grenke;2577091;26506;15754.16
199100413;26556;01/10/2018;6993.19;36;1;642.39;0;1;367.41;TRIMESTRE;OUI;;0;0;18;1;COLLEGE MICHEL VIGNAUD;grenke;2576399;26556;7309.1
199100413;26557;01/10/2018;5789.62;36;1;531.84;0;1;537.9;TRIMESTRE;OUI;;0;0;18;1;COLLEGE MICHEL VIGNAUD;grenke;2576400;26557;6090.75
350750311;26575;01/10/2018;5302.79;63;1;297.27;0;1;126.51;TRIMESTRE;OUI;;0;0;18;1;MOUISSAT LAID;grenke;2576098;26575;5712.85
791203169;26602;01/10/2018;6557.34;63;1;367.59;0;1;24.9;TRIMESTRE;NON;;0;0;18;1;C M PETAT;grenke;2576598;26602;7064.2
378129613;26620;01/10/2018;4570.55;42;1;369.9;0;1;149.1;TRIMESTRE;NON;;0;0;18;1;LA MANUFACTURE DEVIALET;grenke;2576294;26620;4863.44
523189579;26703;01/10/2018;5672.58;63;1;318;0;1;0;TRIMESTRE;NON;;0;0;18;1;DECO SPHERE;grenke;2576546;26703;6111.17
830762027;26736;01/01/2019;12683.81;60;1;731.1;0;1;129.9;TRIMESTRE;NON;;0;0;18;1;BUTCHERS SERVICE;grenke;2577228;26736;13438.29
834414740;26778;01/10/2018;8834.05;63;1;492.15;0;1;374.85;TRIMESTRE;NON;;0;0;18;1;HOCHE AVOCATS;grenke;2576387;26778;9457.19
821550282;26843;01/10/2018;968.27;66;1;54.78;0;1;164.13;TRIMESTRE;NON;;0;0;18;1;YETI FACTORY;grenke;2576552;26843;1098.6
480150200;26890;01/10/2018;3798.68;63;1;217.08;0;1;184.92;TRIMESTRE;NON;;0;0;18;1;SIFA TRANSIT;grenke;2576429;26890;4172.22
841114648;27039;01/01/2019;4199.56;63;1;240;0;1;0;TRIMESTRE;NON;;0;0;18;1;BRUERA Patrice Philippe;grenke;2577093;27039;4612.43
322358508;27157;01/01/2019;6992.6;63;1;392.01;0;1;0;TRIMESTRE;NON;;0;0;18;1;DISTRICT SEINE ET MARNE DE FOOTBALL;grenke;2577065;27157;7533.04
309267599;27168;01/01/2019;3923.79;63;1;224.25;0;1;126.9;TRIMESTRE;NON;;0;0;18;1;AERO CLUB ROGER JANIN;grenke;2576829;27168;4309.61
219105871;27070;01/01/2019;7017.37;60;1;410.1;0;1;99.9;TRIMESTRE;OUI;;0;0;18;1;COMMUNE DE SAULX LES CHARTREUX;grenke;2577345;27070;7597.3
330317322;27195;01/01/2019;9723.11;63;1;547.08;0;1;75.9;TRIMESTRE;NON;;0;0;18;1;SOC BALGENCIENNE DE DISTRIBUTION;grenke;2576984;27195;10513.04
390614097;27217;01/01/2019;5780.05;48;1;410.1;0;1;99.9;TRIMESTRE;NON;;0;0;18;1;OCCE HAUTS DE SEINE;grenke;2577096;27217;6103.39
448401489;27271;01/01/2019;4791.16;63;1;273.81;0;1;343.32;TRIMESTRE;NON;;0;0;18;1;ASSOC S I L L A G E;grenke;2576838;27271;5262.07
217701994;27490;01/01/2019;6468.08;60;1;378;0;1;99.9;TRIMESTRE;NON;;0;0;18;1;COMMUNE FUBLAINES;grenke;2577302;27490;7002.69
542066717;3441;01/10/2014;2075.38;63;1;125.67;0;1;0;TRIMESTRE;NON;;0;0;18;1;PROTEC INDUSTRIE;grenke;5826677;3441;2311.05
342919552;4392;01/01/2015;6255.99;63;1;360.09;0;1;0;TRIMESTRE;NON;;0;0;18;1;LMTB ASSURANCES;grenke;5827411;4392;6726.97
244500542;3637;01/10/2014;5256.35;63;1;301.5;0;1;0;TRIMESTRE;OUI;;0;0;18;1;COMMUNAUTE DE COMMUNES DE LA PLAINE DU NORD LOIRET;grenke;10012193;3637;5658.87
488891284;3017;01/10/2014;8067.22;66;1;447;0;1;0;TRIMESTRE;NON;;0;0;18;1;MPB;grenke;1664;3017;8698.28
388782658;4291;01/04/2015;4560.29;66;1;252.99;0;1;0;TRIMESTRE;NON;;0;0;18;1;FAF APADVOR;grenke;166290;4291;4923.23
775683402;4414;01/04/2015;6742.26;63;1;381;0;1;0;TRIMESTRE;NON;;0;0;18;1;LA VIE AU GRAND AIR;grenke;166212;4414;7117.59
200013282;4164;01/01/2015;2082.3;63;1;122.94;0;1;0;TRIMESTRE;OUI;;0;0;18;1;CENTRE INTERCOMMUNAL D ACTION SOCIALE;grenke;16636;4164;2328.5
217704378;3695;01/10/2014;3890.87;63;1;228;0;1;0;TRIMESTRE;OUI;;0;0;18;1;COMMUNE SAINT SOUPPLETS;grenke;16633;3695;4279.37
217704261;4520;01/04/2015;1245.11;63;1;72;0;1;0;TRIMESTRE;OUI;;0;0;18;1;COMMUNE DE SAINT MERY;grenke;166236;4520;1363.73
531897254;4648;01/01/2015;3314.32;63;1;191.01;0;1;0;TRIMESTRE;NON;;0;0;18;1;ETOILE DES ROCHES;grenke;166240;4648;3568.19
219105079;4766;01/04/2015;5178.81;63;1;297;0;1;0;TRIMESTRE;NON;;0;0;18;1;COMMUNE DE PRUNAY SUR ESSONNE;grenke;166220;4766;5625.09
217701986;4780;01/01/2015;2715.96;63;1;156;0;1;0;TRIMESTRE;NON;;0;0;18;1;COMMUNE FROMONT;grenke;166147;4780;2954.64
337521397;5000;01/04/2015;4233.06;60;1;258;0;1;0;TRIMESTRE;NON;;0;0;18;1;COMMUNE REMAUVILLE;grenke;166256;5000;4617.12
217700087;5108;01/04/2015;5288.46;63;1;297.99;0;1;0;TRIMESTRE;NON;;0;0;18;1;COMMUNE ARMENTIERES EN BRIE;grenke;166280;5108;5644.03
197709272;5252;01/04/2015;8446.94;60;1;495.99;0;1;0;TRIMESTRE;NON;;0;0;18;1;LYCEE INTERNATIONAL FRANCOIS 1ER;grenke;166309;5252;8955.85
217701465;5379;01/04/2015;9636.29;63;1;543;0;1;0;TRIMESTRE;NON;;0;0;18;1;COMMUNE CROISSY BEAUBOURG;grenke;166367;5379;10284.18
199108598;5383;01/04/2015;1958.49;63;1;117;0;1;0;TRIMESTRE;OUI;;0;0;18;1;COLLEGE GERARD PHILIPE;grenke;166281;5383;2216
219103405;5546;01/04/2015;1541.1;48;1;118.5;0;1;0;TRIMESTRE;OUI;;0;0;18;1;COMMUNE DE LISSES;grenke;166368;5546;1754.33
254500986;4103;01/01/2015;3503.47;63;1;205.29;0;1;0;TRIMESTRE;OUI;;0;0;18;1;SIAEP;grenke;166185;4103;3888.84
751024167;7268;01/07/2015;3128.88;63;1;180;0;1;0;TRIMESTRE;NON;;0;0;18;1;ASSISTANCE ORLEANS CONSEIL;grenke;166522;7268;3386.09
379507411;8141;01/07/2015;4693.29;63;1;270;0;1;0;TRIMESTRE;NON;;0;0;18;1;K MIKIMOTO & CO LTD;grenke;166629;8141;5126.63
